1,1946,F,O,PHW,CHS,4,1
2,1946,QF,M,NYK,CLR,2,1
3,1946,QF,M,PHW,STB,2,1
4,1946,SF,N,PHW,NYK,2,0
5,1946,SF,N,CHS,WSC,4,2
6,1947,F,O,BLB,PHW,4,2
7,1947,QF,M,BLB,NYK,2,1
8,1947,QF,M,CHS,BOS,2,1
9,1947,SF,N,BLB,CHS,2,0
10,1947,SF,N,PHW,STB,4,3
11,1947,DT,A,BLB,CHS,1,0
12,1947,DT,A,CHS,WSC,1,0
13,1948,DF,K,WSC,NYK,2,1
14,1948,DSF,J,WSC,PHW,2,0
15,1948,DSF,J,NYK,BLB,2,1
16,1948,F,O,MNL,WSC,4,2
17,1948,DF,K,MNL,ROC,2,0
18,1948,DSF,J,MNL,CHS,2,0
19,1948,DSF,J,ROC,STB,2,0
20,1949,DF,K,MNL,FTW,2,0
21,1949,DT,A,MNL,ROC,1,0
22,1949,DSF,J,FTW,ROC,2,0
23,1949,DSF,J,MNL,CHS,2,0
24,1949,DT,A,FTW,CHS,1,0
25,1949,DF,K,SYR,NYK,2,1
26,1949,DSF,J,NYK,WSC,2,0
27,1949,DSF,J,SYR,PHW,2,0
28,1949,F,O,MNL,SYR,4,2
29,1949,SF,N,MNL,AND,2,0
30,1949,DF,K,AND,INO,2,1
31,1949,DSF,J,AND,TRI,2,1
32,1949,DSF,J,INO,SHE,2,1
33,1950,DF,K,NYK,SYR,3,2
34,1950,DSF,J,NYK,BOS,2,0
35,1950,DSF,J,SYR,PHW,2,0
36,1950,F,O,ROC,NYK,4,3
37,1950,DF,K,ROC,MNL,3,1
38,1950,DSF,J,MNL,INO,2,1
39,1950,DSF,J,ROC,FTW,2,1
40,1951,DF,K,NYK,SYR,3,1
41,1951,DSF,J,NYK,BOS,2,1
42,1951,DSF,J,SYR,PHW,2,1
43,1951,F,O,MNL,NYK,4,3
44,1951,DF,K,MNL,ROC,3,1
45,1951,DSF,J,MNL,INO,2,0
46,1951,DSF,J,ROC,FTW,2,0
47,1952,DF,K,NYK,BOS,3,1
48,1952,DSF,J,BOS,SYR,2,0
49,1952,DSF,J,NYK,BLB,2,0
50,1952,F,O,MNL,NYK,4,1
51,1952,DF,K,MNL,FTW,3,2
52,1952,DSF,J,MNL,INO,2,0
53,1952,DSF,J,FTW,ROC,2,1
54,1953,DF,K,SYR,BOS,2,0
55,1953,RR,I,SYR,,4,0
56,1953,RR,I,BOS,,2,2
57,1953,RR,I,NYK,,0,4
58,1953,F,O,MNL,SYR,4,3
59,1953,DF,K,MNL,ROC,2,1
60,1953,RR,I,MNL,,3,0
61,1953,RR,I,ROC,,2,1
62,1953,RR,I,FTW,,0,4
63,1954,DF,K,SYR,BOS,3,1
64,1954,DSF,J,BOS,NYK,2,1
65,1954,F,O,SYR,FTW,4,3
66,1954,DF,K,FTW,MNL,3,1
67,1954,DSF,J,MNL,ROC,2,1
68,1955,DF,K,PHW,SYR,3,2
69,1955,DSF,J,SYR,BOS,2,1
70,1955,DT,A,SYR,NYK,1,0
71,1955,F,O,PHW,FTW,4,1
72,1955,DF,K,FTW,STL,3,2
73,1955,DT,A,MNL,STL,1,0
74,1955,DSF,J,STL,MNL,2,1
75,1956,DF,K,BOS,SYR,3,0
76,1956,DSF,J,SYR,PHW,2,0
77,1956,F,O,BOS,STL,4,3
78,1956,DF,K,STL,MNL,3,0
79,1956,DSF,J,MNL,FTW,2,0
80,1956,DT,A,STL,FTW,1,0
81,1956,DT,A,STL,MNL,1,0
82,1957,DF,K,BOS,PHW,4,1
83,1957,DSF,J,PHW,SYR,2,1
84,1957,F,O,STL,BOS,4,2
85,1957,DF,K,STL,DET,4,1
86,1957,DSF,J,DET,CIN,2,0
87,1958,DF,K,BOS,SYR,4,3
88,1958,DSF,J,SYR,NYK,2,0
89,1958,F,O,BOS,MNL,4,0
90,1958,DF,K,MNL,STL,4,2
91,1958,DSF,J,MNL,DET,2,1
92,1959,DF,K,BOS,PHW,4,2
93,1959,DSF,J,PHW,SYR,2,1
94,1959,F,O,BOS,STL,4,3
95,1959,DF,K,STL,MNL,4,3
96,1959,DSF,J,MNL,DET,2,0
97,1960,DF,K,BOS,SYR,4,1
98,1960,DSF,J,SYR,PHW,3,0
99,1960,F,O,BOS,STL,4,1
100,1960,DF,K,STL,LAL,4,3
101,1960,DSF,J,LAL,DET,3,2
102,1961,DF,K,BOS,PHW,4,3
103,1961,DSF,J,PHW,SYR,3,2
104,1961,F,O,BOS,LAL,4,3
105,1961,DF,K,LAL,DET,4,2
106,1961,DSF,J,DET,CIN,3,1
107,1962,DF,K,BOS,CIN,4,3
108,1962,DSF,J,CIN,SYR,3,2
109,1962,F,O,BOS,LAL,4,2
110,1962,DF,K,LAL,STL,4,3
111,1962,DSF,J,STL,DET,3,1
112,1963,DF,K,BOS,CIN,4,1
113,1963,DSF,J,CIN,PHI,3,2
114,1963,F,O,BOS,SFW,4,1
115,1963,DF,K,SFW,STL,4,3
116,1963,DSF,J,STL,LAL,3,2
117,1964,DF,K,BOS,PHI,4,3
118,1964,DSF,J,PHI,CIN,3,1
119,1964,F,O,BOS,LAL,4,1
120,1964,DF,K,LAL,BAL,4,2
121,1964,DSF,J,BAL,STL,3,1
122,1965,DF,K,BOS,PHI,4,1
123,1965,DSF,J,BOS,CIN,3,2
124,1965,F,O,BOS,LAL,4,3
125,1965,DF,K,LAL,STL,4,3
126,1965,DSF,J,STL,BAL,3,0
127,1966,DF,K,PHI,BOS,4,1
128,1966,DSF,J,BOS,NYK,3,1
129,1966,DSF,J,PHI,CIN,3,1
130,1966,F,O,PHI,SFW,4,2
131,1966,DF,K,SFW,STL,4,2
132,1966,DSF,J,SFW,LAL,3,0
133,1966,DSF,J,STL,CHI,3,0
134,1967,DF,K,BOS,PHI,4,3
135,1967,DSF,J,BOS,DET,4,2
136,1967,DSF,J,PHI,NYK,4,2
137,1967,F,O,BOS,LAL,4,2
138,1967,DF,K,LAL,SFW,4,0
139,1967,DSF,J,LAL,CHI,4,1
140,1967,DSF,J,SFW,STL,4,2
141,1968,DF,K,BOS,NYK,4,2
142,1968,DSF,J,NYK,BAL,4,0
143,1968,DSF,J,BOS,PHI,4,1
144,1968,F,O,BOS,LAL,4,3
145,1968,DF,K,LAL,ATL,4,1
146,1968,DSF,J,ATL,SDR,4,2
147,1968,DSF,J,LAL,SFW,4,2
148,1969,DF,K,NYK,MIL,4,1
149,1969,DSF,J,MIL,PHI,4,1
150,1969,DSF,J,NYK,BAL,4,3
151,1969,F,O,NYK,LAL,4,3
152,1969,DF,K,LAL,ATL,4,0
153,1969,DSF,J,ATL,CHI,4,1
154,1969,DSF,J,LAL,PHO,4,3
155,1970,CF,N,BAL,NYK,4,3
156,1970,CSF,M,NYK,ATL,4,1
157,1970,CSF,M,BAL,PHI,4,3
158,1970,F,O,MIL,BAL,4,0
159,1970,CF,N,MIL,LAL,4,1
160,1970,CSF,M,MIL,SFW,4,1
161,1970,CSF,M,LAL,CHI,4,3
162,1971,CF,N,NYK,BOS,4,1
163,1971,CSF,M,BOS,ATL,4,2
164,1971,CSF,M,NYK,BAL,4,2
165,1971,F,O,LAL,NYK,4,1
166,1971,CF,N,LAL,MIL,4,2
167,1971,CSF,M,LAL,CHI,4,0
168,1971,CSF,M,MIL,GSW,4,1
169,1972,CF,N,NYK,BOS,4,3
170,1972,CSF,M,NYK,BAL,4,1
171,1972,CSF,M,BOS,ATL,4,2
172,1972,F,O,NYK,LAL,4,1
173,1972,CF,N,LAL,GSW,4,1
174,1972,CSF,M,GSW,MIL,4,2
175,1972,CSF,M,LAL,CHI,4,3
176,1973,CF,N,BOS,NYK,4,1
177,1973,CSF,M,BOS,BUF,4,2
178,1973,CSF,M,NYK,CAP,4,3
179,1973,F,O,BOS,MIL,4,3
180,1973,CF,N,MIL,CHI,4,0
181,1973,CSF,M,MIL,LAL,4,1
182,1973,CSF,M,CHI,DET,4,3
183,1974,CF,N,WSB,BOS,4,2
184,1974,CFR,L,HOU,NYK,2,1
185,1974,CSF,M,BOS,HOU,4,1
186,1974,CSF,M,WSB,BUF,4,3
187,1974,F,O,GSW,WSB,4,0
188,1974,CF,N,GSW,CHI,4,3
189,1974,CFR,L,SEA,DET,2,1
190,1974,CSF,M,CHI,KCO,4,2
191,1974,CSF,M,GSW,SEA,4,2
192,1975,CF,N,BOS,CLE,4,2
193,1975,CFR,L,BUF,PHI,2,1
194,1975,CSF,M,BOS,BUF,4,2
195,1975,CSF,M,CLE,WSB,4,3
196,1975,F,O,BOS,PHO,4,2
197,1975,CF,N,PHO,GSW,4,3
198,1975,CFR,L,DET,MIL,2,1
199,1975,CSF,M,GSW,DET,4,2
200,1975,CSF,M,PHO,SEA,4,2
201,1976,CF,N,PHI,HOU,4,2
202,1976,CFR,L,BOS,SAS,2,0
203,1976,CFR,L,WSB,CLE,2,1
204,1976,CSF,M,HOU,WSB,4,2
205,1976,CSF,M,PHI,BOS,4,3
206,1976,F,O,POR,PHI,4,2
207,1976,CF,N,POR,LAL,4,0
208,1976,CFR,L,GSW,DET,2,1
209,1976,CFR,L,POR,CHI,2,1
210,1976,CSF,M,POR,DEN,4,2
211,1976,CSF,M,LAL,GSW,4,3
212,1977,CF,N,WSB,PHI,4,2
213,1977,CFR,L,NYK,CLE,2,0
214,1977,CFR,L,WSB,ATL,2,0
215,1977,CSF,M,PHI,NYK,4,0
216,1977,CSF,M,WSB,SAS,4,2
217,1977,F,O,WSB,SEA,4,3
218,1977,CF,N,SEA,DEN,4,2
219,1977,CFR,L,MIL,PHO,2,0
220,1977,CFR,L,SEA,LAL,2,1
221,1977,CSF,M,SEA,POR,4,2
222,1977,CSF,M,DEN,MIL,4,3
223,1978,CF,N,WSB,SAS,4,3
224,1978,CFR,L,ATL,HOU,2,0
225,1978,CFR,L,PHI,NJN,2,0
226,1978,CSF,M,SAS,PHI,4,3
227,1978,CSF,M,WSB,ATL,4,3
228,1978,F,O,SEA,WSB,4,1
229,1978,CF,N,SEA,PHO,4,3
230,1978,CFR,L,LAL,DEN,2,1
231,1978,CFR,L,PHO,POR,2,1
232,1978,CSF,M,PHO,KCK,4,1
233,1978,CSF,M,SEA,LAL,4,1
234,1979,CF,N,PHI,BOS,4,1
235,1979,CFR,L,PHI,WSB,2,0
236,1979,CFR,L,HOU,SAS,2,1
237,1979,CSF,M,BOS,HOU,4,0
238,1979,CSF,M,PHI,ATL,4,1
239,1979,F,O,LAL,PHI,4,2
240,1979,CF,N,LAL,SEA,4,1
241,1979,CFR,L,PHO,KCK,2,1
242,1979,CFR,L,SEA,POR,2,1
243,1979,CSF,M,LAL,PHO,4,1
244,1979,CSF,M,SEA,MIL,4,3
245,1980,CF,N,BOS,PHI,4,3
246,1980,CFR,L,CHI,NYK,2,0
247,1980,CFR,L,PHI,IND,2,0
248,1980,CSF,M,BOS,CHI,4,0
249,1980,CSF,M,PHI,MIL,4,3
250,1980,CF,N,HOU,KCK,4,1
251,1980,CFR,L,HOU,LAL,2,1
252,1980,CFR,L,KCK,POR,2,1
253,1980,CSF,M,HOU,SAS,4,3
254,1980,CSF,M,KCK,PHO,4,3
255,1981,CF,N,PHI,BOS,4,3
256,1981,CFR,L,PHI,ATL,2,0
257,1981,CFR,L,WSB,NJN,2,0
258,1981,CSF,M,BOS,WSB,4,1
259,1981,CSF,M,PHI,MIL,4,2
260,1981,F,O,LAL,PHI,4,2
261,1981,CF,N,LAL,SAS,4,0
262,1981,CFR,L,PHO,DEN,2,1
263,1981,CFR,L,SEA,HOU,2,1
264,1981,CSF,M,LAL,PHO,4,0
265,1981,CSF,M,SAS,SEA,4,1
266,1982,CF,N,PHI,MIL,4,1
267,1982,CFR,L,NYK,NJN,2,0
268,1982,CFR,L,BOS,ATL,2,1
269,1982,CSF,M,MIL,BOS,4,0
270,1982,CSF,M,PHI,NYK,4,0
271,1982,F,O,PHI,LAL,4,0
272,1982,CF,N,LAL,SAS,4,2
273,1982,CFR,L,POR,SEA,2,0
274,1982,CFR,L,DEN,PHO,2,1
275,1982,CSF,M,LAL,POR,4,1
276,1982,CSF,M,SAS,DEN,4,1
277,1983,CF,N,BOS,MIL,4,1
278,1983,CFR,L,BOS,WSB,3,1
279,1983,CFR,L,MIL,ATL,3,2
280,1983,CFR,L,NJN,PHI,3,2
281,1983,CFR,L,NYK,DET,3,2
282,1983,CSF,M,MIL,NJN,4,2
283,1983,CSF,M,BOS,NYK,4,3
284,1983,F,O,BOS,LAL,4,3
285,1983,CF,N,LAL,PHO,4,2
286,1983,CFR,L,LAL,KCK,3,0
287,1983,CFR,L,DAL,SEA,3,2
288,1983,CFR,L,PHO,POR,3,2
289,1983,CFR,L,UTA,DEN,3,2
290,1983,CSF,M,LAL,DAL,4,1
291,1983,CSF,M,PHO,UTA,4,2
292,1984,CF,N,BOS,PHI,4,1
293,1984,CFR,L,DET,NJN,3,0
294,1984,CFR,L,BOS,CLE,3,1
295,1984,CFR,L,MIL,CHI,3,1
296,1984,CFR,L,PHI,WSB,3,1
297,1984,CSF,M,PHI,MIL,4,0
298,1984,CSF,M,BOS,DET,4,2
299,1984,F,O,LAL,BOS,4,2
300,1984,CF,N,LAL,DEN,4,1
301,1984,CFR,L,LAL,PHO,3,0
302,1984,CFR,L,POR,DAL,3,1
303,1984,CFR,L,DEN,SAS,3,2
304,1984,CFR,L,UTA,HOU,3,2
305,1984,CSF,M,DEN,UTA,4,1
306,1984,CSF,M,LAL,POR,4,1
307,1985,CF,N,BOS,MIL,4,0
308,1985,CFR,L,BOS,CHI,3,0
309,1985,CFR,L,MIL,NJN,3,0
310,1985,CFR,L,ATL,DET,3,1
311,1985,CFR,L,PHI,WSB,3,2
312,1985,CSF,M,BOS,ATL,4,1
313,1985,CSF,M,MIL,PHI,4,3
314,1985,F,O,BOS,HOU,4,2
315,1985,CF,N,HOU,LAL,4,1
316,1985,CFR,L,HOU,SAC,3,0
317,1985,CFR,L,LAL,SAS,3,0
318,1985,CFR,L,DAL,UTA,3,1
319,1985,CFR,L,DEN,POR,3,1
320,1985,CSF,M,HOU,DEN,4,2
321,1985,CSF,M,LAL,DAL,4,2
322,1986,CF,N,BOS,DET,4,3
323,1986,CFR,L,BOS,CHI,3,0
324,1986,CFR,L,DET,WSB,3,0
325,1986,CFR,L,ATL,IND,3,1
326,1986,CFR,L,MIL,PHI,3,2
327,1986,CSF,M,DET,ATL,4,1
328,1986,CSF,M,BOS,MIL,4,3
329,1986,CF,N,LAL,SEA,4,0
330,1986,CFR,L,LAL,DEN,3,0
331,1986,CFR,L,HOU,POR,3,1
332,1986,CFR,L,SEA,DAL,3,1
333,1986,CFR,L,GSW,UTA,3,2
334,1986,CSF,M,LAL,GSW,4,1
335,1986,CSF,M,SEA,HOU,4,2
336,1987,CF,N,DET,BOS,4,2
337,1987,CFR,L,BOS,NYK,3,1
338,1987,CFR,L,ATL,MIL,3,2
339,1987,CFR,L,CHI,CLE,3,2
340,1987,CFR,L,DET,WSB,3,2
341,1987,CSF,M,DET,CHI,4,1
342,1987,CSF,M,BOS,ATL,4,3
343,1987,F,O,LAL,DET,4,3
344,1987,CF,N,LAL,DAL,4,3
345,1987,CFR,L,LAL,SAS,3,0
346,1987,CFR,L,DAL,HOU,3,1
347,1987,CFR,L,UTA,POR,3,1
348,1987,CFR,L,DEN,SEA,3,2
349,1987,CSF,M,DAL,DEN,4,2
350,1987,CSF,M,LAL,UTA,4,3
351,1988,CF,N,DET,CHI,4,2
352,1988,CFR,L,DET,BOS,3,0
353,1988,CFR,L,NYK,PHI,3,0
354,1988,CFR,L,CHI,CLE,3,2
355,1988,CFR,L,MIL,ATL,3,2
356,1988,CSF,M,DET,MIL,4,0
357,1988,CSF,M,CHI,NYK,4,2
358,1988,CF,N,LAL,PHO,4,0
359,1988,CFR,L,GSW,UTA,3,0
360,1988,CFR,L,LAL,POR,3,0
361,1988,CFR,L,PHO,DEN,3,0
362,1988,CFR,L,SEA,HOU,3,1
363,1988,CSF,M,LAL,SEA,4,0
364,1988,CSF,M,PHO,GSW,4,1
365,1989,CF,N,DET,CHI,4,3
366,1989,CFR,L,DET,IND,3,0
367,1989,CFR,L,CHI,MIL,3,1
368,1989,CFR,L,NYK,BOS,3,2
369,1989,CFR,L,PHI,CLE,3,2
370,1989,CSF,M,CHI,PHI,4,1
371,1989,CSF,M,DET,NYK,4,1
372,1989,F,O,DET,POR,4,1
373,1989,CF,N,POR,PHO,4,2
374,1989,CFR,L,POR,DAL,3,0
375,1989,CFR,L,SAS,DEN,3,0
376,1989,CFR,L,LAL,HOU,3,1
377,1989,CFR,L,PHO,UTA,3,2
378,1989,CSF,M,PHO,LAL,4,1
379,1989,CSF,M,POR,SAS,4,3
380,1990,CF,N,CHI,DET,4,0
381,1990,CFR,L,CHI,NYK,3,0
382,1990,CFR,L,PHI,MIL,3,0
383,1990,CFR,L,BOS,IND,3,2
384,1990,CFR,L,DET,ATL,3,2
385,1990,CSF,M,CHI,PHI,4,1
386,1990,CSF,M,DET,BOS,4,2
387,1990,F,O,CHI,LAL,4,1
388,1990,CF,N,LAL,POR,4,2
389,1990,CFR,L,LAL,HOU,3,0
390,1990,CFR,L,GSW,SAS,3,1
391,1990,CFR,L,UTA,PHO,3,1
392,1990,CFR,L,POR,SEA,3,2
393,1990,CSF,M,LAL,GSW,4,1
394,1990,CSF,M,POR,UTA,4,1
395,1991,CF,N,CHI,CLE,4,2
396,1991,CFR,L,BOS,IND,3,0
397,1991,CFR,L,CHI,MIA,3,0
398,1991,CFR,L,CLE,NJN,3,1
399,1991,CFR,L,NYK,DET,3,2
400,1991,CSF,M,CHI,NYK,4,3
401,1991,CSF,M,CLE,BOS,4,3
402,1991,F,O,CHI,POR,4,2
403,1991,CF,N,POR,UTA,4,2
404,1991,CFR,L,PHO,SAS,3,0
405,1991,CFR,L,POR,LAL,3,1
406,1991,CFR,L,SEA,GSW,3,1
407,1991,CFR,L,UTA,LAC,3,2
408,1991,CSF,M,POR,PHO,4,1
409,1991,CSF,M,UTA,SEA,4,1
410,1992,CF,N,CHI,NYK,4,2
411,1992,CFR,L,CHI,ATL,3,0
412,1992,CFR,L,CHH,BOS,3,1
413,1992,CFR,L,NYK,IND,3,1
414,1992,CFR,L,CLE,NJN,3,2
415,1992,CSF,M,CHI,CLE,4,0
416,1992,CSF,M,NYK,CHH,4,1
417,1992,F,O,CHI,PHO,4,2
418,1992,CF,N,PHO,SEA,4,3
419,1992,CFR,L,SAS,POR,3,1
420,1992,CFR,L,HOU,LAC,3,2
421,1992,CFR,L,PHO,LAL,3,2
422,1992,CFR,L,SEA,UTA,3,2
423,1992,CSF,M,PHO,SAS,4,2
424,1992,CSF,M,SEA,HOU,4,3
425,1993,CF,N,NYK,IND,4,3
426,1993,CFR,L,CHI,CLE,3,0
427,1993,CFR,L,IND,ORL,3,0
428,1993,CFR,L,NYK,NJN,3,1
429,1993,CFR,L,ATL,MIA,3,2
430,1993,CSF,M,IND,ATL,4,2
431,1993,CSF,M,NYK,CHI,4,3
432,1993,F,O,HOU,NYK,4,3
433,1993,CF,N,HOU,UTA,4,1
434,1993,CFR,L,PHO,GSW,3,0
435,1993,CFR,L,HOU,POR,3,1
436,1993,CFR,L,UTA,SAS,3,1
437,1993,CFR,L,DEN,SEA,3,2
438,1993,CSF,M,HOU,PHO,4,3
439,1993,CSF,M,UTA,DEN,4,3
440,1994,CF,N,ORL,IND,4,3
441,1994,CFR,L,IND,ATL,3,0
442,1994,CFR,L,CHI,CHH,3,1
443,1994,CFR,L,NYK,CLE,3,1
444,1994,CFR,L,ORL,BOS,3,1
445,1994,CSF,M,ORL,CHI,4,2
446,1994,CSF,M,IND,NYK,4,3
447,1994,F,O,HOU,ORL,4,0
448,1994,CF,N,HOU,SAS,4,2
449,1994,CFR,L,PHO,POR,3,0
450,1994,CFR,L,SAS,DEN,3,0
451,1994,CFR,L,LAL,SEA,3,1
452,1994,CFR,L,HOU,UTA,3,2
453,1994,CSF,M,SAS,LAL,4,2
454,1994,CSF,M,HOU,PHO,4,3
455,1995,CF,N,CHI,ORL,4,0
456,1995,CFR,L,CHI,MIA,3,0
457,1995,CFR,L,NYK,CLE,3,0
458,1995,CFR,L,ORL,DET,3,0
459,1995,CFR,L,ATL,IND,3,2
460,1995,CSF,M,CHI,NYK,4,1
461,1995,CSF,M,ORL,ATL,4,1
462,1995,F,O,CHI,SEA,4,2
463,1995,CF,N,SEA,UTA,4,3
464,1995,CFR,L,HOU,LAL,3,1
465,1995,CFR,L,SAS,PHO,3,1
466,1995,CFR,L,SEA,SAC,3,1
467,1995,CFR,L,UTA,POR,3,2
468,1995,CSF,M,SEA,HOU,4,0
469,1995,CSF,M,UTA,SAS,4,2
470,1996,CF,N,CHI,MIA,4,1
471,1996,CFR,L,CHI,WSB,3,0
472,1996,CFR,L,NYK,CHH,3,0
473,1996,CFR,L,ATL,DET,3,2
474,1996,CFR,L,MIA,ORL,3,2
475,1996,CSF,M,CHI,ATL,4,1
476,1996,CSF,M,MIA,NYK,4,3
477,1996,F,O,CHI,UTA,4,2
478,1996,CF,N,UTA,HOU,4,2
479,1996,CFR,L,HOU,MIN,3,0
480,1996,CFR,L,UTA,LAC,3,0
481,1996,CFR,L,LAL,POR,3,1
482,1996,CFR,L,SEA,PHO,3,2
483,1996,CSF,M,UTA,LAL,4,1
484,1996,CSF,M,HOU,SEA,4,3
485,1997,CF,N,CHI,IND,4,3
486,1997,CFR,L,CHI,NJN,3,0
487,1997,CFR,L,CHH,ATL,3,1
488,1997,CFR,L,IND,CLE,3,1
489,1997,CFR,L,NYK,MIA,3,2
490,1997,CSF,M,CHI,CHH,4,1
491,1997,CSF,M,IND,NYK,4,1
492,1997,F,O,CHI,UTA,4,2
493,1997,CF,N,UTA,LAL,4,0
494,1997,CFR,L,LAL,POR,3,1
495,1997,CFR,L,SAS,PHO,3,1
496,1997,CFR,L,SEA,MIN,3,2
497,1997,CFR,L,UTA,HOU,3,2
498,1997,CSF,M,LAL,SEA,4,1
499,1997,CSF,M,UTA,SAS,4,1
500,1998,CF,N,NYK,IND,4,2
501,1998,CFR,L,IND,MIL,3,0
502,1998,CFR,L,PHI,ORL,3,1
503,1998,CFR,L,ATL,DET,3,2
504,1998,CFR,L,NYK,MIA,3,2
505,1998,CSF,M,IND,PHI,4,0
506,1998,CSF,M,NYK,ATL,4,0
507,1998,F,O,SAS,NYK,4,1
508,1998,CF,N,SAS,POR,4,0
509,1998,CFR,L,POR,PHO,3,0
510,1998,CFR,L,LAL,HOU,3,1
511,1998,CFR,L,SAS,MIN,3,1
512,1998,CFR,L,UTA,SAC,3,2
513,1998,CSF,M,SAS,LAL,4,0
514,1998,CSF,M,POR,UTA,4,2
515,1999,CF,N,IND,NYK,4,2
516,1999,CFR,L,MIA,DET,3,0
517,1999,CFR,L,NYK,TOR,3,0
518,1999,CFR,L,PHI,CHH,3,1
519,1999,CFR,L,IND,MIL,3,2
520,1999,CSF,M,IND,PHI,4,2
521,1999,CSF,M,NYK,MIA,4,3
522,1999,F,O,LAL,IND,4,2
523,1999,CF,N,LAL,POR,4,3
524,1999,CFR,L,PHO,SAS,3,1
525,1999,CFR,L,POR,MIN,3,1
526,1999,CFR,L,LAL,SAC,3,2
527,1999,CFR,L,UTA,SEA,3,2
528,1999,CSF,M,LAL,PHO,4,1
529,1999,CSF,M,POR,UTA,4,1
530,2000,CF,N,PHI,MIL,4,3
531,2000,CFR,L,CHH,MIA,3,0
532,2000,CFR,L,MIL,ORL,3,1
533,2000,CFR,L,PHI,IND,3,1
534,2000,CFR,L,TOR,NYK,3,2
535,2000,CSF,M,MIL,CHH,4,3
536,2000,CSF,M,PHI,TOR,4,3
537,2000,F,O,LAL,PHI,4,1
538,2000,CF,N,LAL,SAS,4,0
539,2000,CFR,L,LAL,POR,3,0
540,2000,CFR,L,SAC,PHO,3,1
541,2000,CFR,L,SAS,MIN,3,1
542,2000,CFR,L,DAL,UTA,3,2
543,2000,CSF,M,LAL,SAC,4,0
544,2000,CSF,M,SAS,DAL,4,1
545,2001,CF,N,NJN,BOS,4,2
546,2001,CFR,L,CHH,ORL,3,1
547,2001,CFR,L,BOS,PHI,3,2
548,2001,CFR,L,DET,TOR,3,2
549,2001,CFR,L,NJN,IND,3,2
550,2001,CSF,M,BOS,DET,4,1
551,2001,CSF,M,NJN,CHH,4,1
552,2001,F,O,LAL,NJN,4,0
553,2001,CF,N,LAL,SAC,4,3
554,2001,CFR,L,DAL,MIN,3,0
555,2001,CFR,L,LAL,POR,3,0
556,2001,CFR,L,SAC,UTA,3,1
557,2001,CFR,L,SAS,SEA,3,2
558,2001,CSF,M,LAL,SAS,4,1
559,2001,CSF,M,SAC,DAL,4,1
560,2002,CF,N,NJN,DET,4,0
561,2002,CFR,L,BOS,IND,4,2
562,2002,CFR,L,NJN,MIL,4,2
563,2002,CFR,L,PHI,NOH,4,2
564,2002,CFR,L,DET,ORL,4,3
565,2002,CSF,M,NJN,BOS,4,0
566,2002,CSF,M,DET,PHI,4,2
567,2002,F,O,SAS,NJN,4,2
568,2002,CF,N,SAS,DAL,4,2
569,2002,CFR,L,SAC,UTA,4,1
570,2002,CFR,L,LAL,MIN,4,2
571,2002,CFR,L,SAS,PHO,4,2
572,2002,CFR,L,DAL,POR,4,3
573,2002,CSF,M,SAS,LAL,4,2
574,2002,CSF,M,DAL,SAC,4,3
575,2003,CF,N,DET,IND,4,2
576,2003,CFR,L,IND,BOS,4,0
577,2003,CFR,L,NJN,NYK,4,0
578,2003,CFR,L,DET,MIL,4,1
579,2003,CFR,L,MIA,NOH,4,3
580,2003,CSF,M,IND,MIA,4,2
581,2003,CSF,M,DET,NJN,4,3
582,2003,F,O,DET,LAL,4,1
583,2003,CF,N,LAL,MIN,4,2
584,2003,CFR,L,SAS,MEM,4,0
585,2003,CFR,L,LAL,HOU,4,1
586,2003,CFR,L,MIN,DEN,4,1
587,2003,CFR,L,SAC,DAL,4,1
588,2003,CSF,M,LAL,SAS,4,2
589,2003,CSF,M,MIN,SAC,4,3
590,2004,CF,N,DET,MIA,4,3
591,2004,CFR,L,MIA,NJN,4,0
592,2004,CFR,L,DET,PHI,4,1
593,2004,CFR,L,WAS,CHI,4,2
594,2004,CFR,L,IND,BOS,4,3
595,2004,CSF,M,MIA,WAS,4,0
596,2004,CSF,M,DET,IND,4,2
597,2004,F,O,SAS,DET,4,3
598,2004,CF,N,SAS,PHO,4,1
599,2004,CFR,L,PHO,MEM,4,0
600,2004,CFR,L,SAS,DEN,4,1
601,2004,CFR,L,SEA,SAC,4,1
602,2004,CFR,L,DAL,HOU,4,3
603,2004,CSF,M,PHO,DAL,4,2
604,2004,CSF,M,SAS,SEA,4,2
605,2005,CF,N,MIA,DET,4,2
606,2005,CFR,L,DET,MIL,4,1
607,2005,CFR,L,CLE,WAS,4,2
608,2005,CFR,L,MIA,CHI,4,2
609,2005,CFR,L,NJN,IND,4,2
610,2005,CSF,M,MIA,NJN,4,1
611,2005,CSF,M,DET,CLE,4,3
612,2005,F,O,MIA,DAL,4,2
613,2005,CF,N,DAL,PHO,4,2
614,2005,CFR,L,DAL,MEM,4,0
615,2005,CFR,L,LAC,DEN,4,1
616,2005,CFR,L,SAS,SAC,4,2
617,2005,CFR,L,PHO,LAL,4,3
618,2005,CSF,M,DAL,SAS,4,3
619,2005,CSF,M,PHO,LAC,4,3
620,2006,CF,N,CLE,DET,4,2
621,2006,CFR,L,CHI,MIA,4,0
622,2006,CFR,L,CLE,WAS,4,0
623,2006,CFR,L,DET,ORL,4,0
624,2006,CFR,L,NJN,TOR,4,2
625,2006,CSF,M,CLE,NJN,4,2
626,2006,CSF,M,DET,CHI,4,2
627,2006,F,O,SAS,CLE,4,0
628,2006,CF,N,SAS,UTA,4,1
629,2006,CFR,L,PHO,LAL,4,1
630,2006,CFR,L,SAS,DEN,4,1
631,2006,CFR,L,GSW,DAL,4,2
632,2006,CFR,L,UTA,HOU,4,3
633,2006,CSF,M,UTA,GSW,4,1
634,2006,CSF,M,SAS,PHO,4,2
635,2007,CF,N,BOS,DET,4,2
636,2007,CFR,L,ORL,TOR,4,1
637,2007,CFR,L,CLE,WAS,4,2
638,2007,CFR,L,DET,PHI,4,2
639,2007,CFR,L,BOS,ATL,4,3
640,2007,CSF,M,DET,ORL,4,1
641,2007,CSF,M,BOS,CLE,4,3
642,2007,F,O,BOS,LAL,4,2
643,2007,CF,N,LAL,SAS,4,1
644,2007,CFR,L,LAL,DEN,4,0
645,2007,CFR,L,NOH,DAL,4,1
646,2007,CFR,L,SAS,PHO,4,1
647,2007,CFR,L,UTA,HOU,4,2
648,2007,CSF,M,LAL,UTA,4,2
649,2007,CSF,M,SAS,NOH,4,3
650,2008,CF,N,ORL,CLE,4,2
651,2008,CFR,L,CLE,DET,4,0
652,2008,CFR,L,ORL,PHI,4,2
653,2008,CFR,L,ATL,MIA,4,3
654,2008,CFR,L,BOS,CHI,4,3
655,2008,CSF,M,CLE,ATL,4,0
656,2008,CSF,M,ORL,BOS,4,3
657,2008,F,O,LAL,ORL,4,1
658,2008,CF,N,LAL,DEN,4,2
659,2008,CFR,L,DAL,SAS,4,1
660,2008,CFR,L,DEN,NOH,4,1
661,2008,CFR,L,LAL,UTA,4,1
662,2008,CFR,L,HOU,POR,4,2
663,2008,CSF,M,DEN,DAL,4,1
664,2008,CSF,M,LAL,HOU,4,3
665,2009,CF,N,BOS,ORL,4,2
666,2009,CFR,L,ORL,CHA,4,0
667,2009,CFR,L,BOS,MIA,4,1
668,2009,CFR,L,CLE,CHI,4,1
669,2009,CFR,L,ATL,MIL,4,3
670,2009,CSF,M,ORL,ATL,4,0
671,2009,CSF,M,BOS,CLE,4,2
672,2009,F,O,LAL,BOS,4,3
673,2009,CF,N,LAL,PHO,4,2
674,2009,CFR,L,LAL,OKC,4,2
675,2009,CFR,L,PHO,POR,4,2
676,2009,CFR,L,SAS,DAL,4,2
677,2009,CFR,L,UTA,DEN,4,2
678,2009,CSF,M,LAL,UTA,4,0
679,2009,CSF,M,PHO,SAS,4,0
680,2010,CF,N,MIA,CHI,4,1
681,2010,CFR,L,BOS,NYK,4,0
682,2010,CFR,L,CHI,IND,4,1
683,2010,CFR,L,MIA,PHI,4,1
684,2010,CFR,L,ATL,ORL,4,2
685,2010,CSF,M,MIA,BOS,4,1
686,2010,CSF,M,CHI,ATL,4,2
687,2010,F,O,DAL,MIA,4,2
688,2010,CF,N,DAL,OKC,4,1
689,2010,CFR,L,OKC,DEN,4,1
690,2010,CFR,L,DAL,POR,4,2
691,2010,CFR,L,LAL,NOH,4,2
692,2010,CFR,L,MEM,SAS,4,2
693,2010,CSF,M,DAL,LAL,4,0
694,2010,CSF,M,OKC,MEM,4,3
695,2011,CF,N,MIA,BOS,4,3
696,2011,CFR,L,IND,ORL,4,1
697,2011,CFR,L,MIA,NYK,4,1
698,2011,CFR,L,BOS,ATL,4,2
699,2011,CFR,L,PHI,CHI,4,2
700,2011,CSF,M,MIA,IND,4,2
701,2011,CSF,M,BOS,PHI,4,3
702,2011,F,O,MIA,OKC,4,1
703,2011,CF,N,OKC,SAS,4,2
704,2011,CFR,L,OKC,DAL,4,0
705,2011,CFR,L,SAS,UTA,4,0
706,2011,CFR,L,LAC,MEM,4,3
707,2011,CFR,L,LAL,DEN,4,3
708,2011,CSF,M,SAS,LAC,4,0
709,2011,CSF,M,OKC,LAL,4,1
710,1980,F,O,BOS,HOU,4,2
711,1986,F,O,LAL,BOS,4,2
712,1988,F,O,DET,LAL,4,0
713,1967,F,D,PTP,NOB,4,3
714,1967,DF,C,PTP,MNM,4,1
715,1967,DF,C,NOB,DLC,4,1
716,1967,DSF,B,MNM,KEN,3,2
717,1967,DSF,B,PTP,INA,3,0
718,1967,DSF,B,DLC,HSM,3,0
719,1967,DSF,B,NOB,DNR,3,2
720,1968,F,D,OAK,INA,4,1
721,1968,DF,C,INA,MMF,4,1
722,1968,DF,C,OAK,NOB,4,0
723,1968,DSF,B,INA,KEN,4,3
724,1968,DSF,B,MMF,MNP,4,3
725,1968,DSF,B,NOB,DLC,4,3
726,1968,DSF,B,OAK,DNR,4,3
727,1969,F,D,INA,LAS,4,2
728,1969,DF,C,INA,KEN,4,1
729,1969,DF,C,LAS,DNR,4,1
730,1969,DSF,B,INA,CAR,4,0
731,1969,DSF,B,KEN,NYA,4,3
732,1969,DSF,B,DNR,WSA,4,3
733,1969,DSF,B,LAS,DLC,4,2
734,1970,F,D,UTS,KEN,4,3
735,1970,DF,C,KEN,VIR,4,2
736,1970,DF,C,UTS,INA,4,3
737,1970,DSF,B,KEN,FLO,4,2
738,1970,DSF,B,VIR,NYA,4,2
739,1970,DSF,B,INA,MMP,4,0
740,1970,DSF,B,UTS,TEX,4,0
741,1970,DT,A,TEX,DNR,1,0
742,1971,F,D,INA,NYA,4,2
743,1971,DF,C,NYA,VIR,4,3
744,1971,DF,C,INA,UTS,4,3
745,1971,DSF,B,NYA,KEN,4,2
746,1971,DSF,B,VIR,FLO,4,0
747,1971,DSF,B,INA,DNR,4,3
748,1971,DSF,B,UTS,DLC,4,0
749,1972,F,D,INA,KEN,4,3
750,1972,DF,C,KEN,CAR,4,3
751,1972,DF,C,INA,UTS,4,2
752,1972,DSF,B,CAR,NYA,4,1
753,1972,DSF,B,KEN,VIR,4,1
754,1972,DSF,B,INA,DNR,4,1
755,1972,DSF,B,UTS,SDA,4,0
756,1973,F,D,NYA,UTS,4,1
757,1973,DF,C,NYA,KEN,4,0
758,1973,DF,C,UTS,INA,4,3
759,1973,DSF,B,KEN,CAR,4,0
760,1973,DSF,B,NYA,VIR,4,1
761,1973,DSF,B,INA,SAA,4,3
762,1973,DSF,B,UTS,SDA,4,2
763,1973,DT,A,SDA,DNR,1,0
764,1974,F,D,KEN,INA,4,1
765,1974,DF,C,KEN,SSL,4,1
766,1974,DF,C,INA,DNA,4,3
767,1974,DSF,B,KEN,MMS,4,1
768,1974,DSF,B,SSL,NYA,4,1
769,1974,DSF,B,DNA,UTS,4,2
770,1974,DSF,B,INA,SAA,4,2
771,1974,DT,A,KEN,NYA,1,0
772,1975,F,D,NYA,DNA,4,2
773,1975,SF,C,DNA,KEN,4,3
774,1975,SF,C,NYA,SAA,4,3
775,1975,FR,B,KEN,INA,2,1
