1,johnsne01,1961,PGR,ABL1,41,40
2,auerbre01,1946,WSC,NBA,49,11
3,birchpa01,1946,PIT,NBA,15,45
4,cliffro01,1946,CLR,NBA,13,10
5,cohalne01,1946,NYK,NBA,33,27
6,curtigl01,1946,DTF,NBA,12,22
7,dehnere01,1946,CLR,NBA,17,20
8,fitzgdi01,1946,TRH,NBA,2,1
9,gottled01,1946,PHW,NBA,35,25
10,haymale01,1946,TRH,NBA,0,1
11,loeffke01,1946,STB,NBA,38,23
12,morriro01,1946,PRO,NBA,28,32
13,olsenha01,1946,CHS,NBA,39,22
14,rolfero01,1946,TRH,NBA,17,27
15,russejo01,1946,BOS,NBA,22,38
16,sachsph01,1946,DTF,NBA,8,18
17,sadowed01,1946,TRH,NBA,3,9
18,auerbre01,1947,WSC,NBA,28,20
19,gottled01,1947,PHW,NBA,27,21
20,hickena01,1947,PRO,NBA,4,25
21,jeannbu01,1947,BLB,NBA,28,20
22,lapchjo01,1947,NYK,NBA,26,22
23,loeffke01,1947,STB,NBA,29,19
24,olsenha01,1947,CHS,NBA,28,20
25,russejo01,1947,BOS,NBA,20,28
26,soaral01,1947,PRO,NBA,2,17
27,armstcu01,1948,FTW,NBA,22,32
28,auerbre01,1948,WSC,NBA,38,22
29,benneca01,1948,FTW,NBA,0,6
30,brownph01,1948,CHS,NBA,10,1
31,friddbu01,1948,INJ,NBA,14,29
32,gottled01,1948,PHW,NBA,28,32
33,halebr01,1948,INJ,NBA,4,13
34,harrile01,1948,ROC,NBA,45,15
35,jeannbu01,1948,BLB,NBA,29,31
36,juliaal01,1948,BOS,NBA,25,35
37,kundljo01,1948,MNL,NBA,44,16
38,lapchjo01,1948,NYK,NBA,32,28
39,lewisgr01,1948,STB,NBA,29,31
40,loeffke01,1948,PRO,NBA,12,48
41,olsenha01,1948,CHS,NBA,28,21
42,auerbre01,1949,TRI,NBA,28,29
43,barkecl01,1949,INO,NBA,39,25
44,brownph01,1949,CHS,NBA,40,28
45,cervial01,1949,SYR,NBA,51,13
46,dardeji01,1949,DNN,NBA,11,51
47,duffeik01,1949,AND,NBA,1,2
48,feeribo01,1949,WSC,NBA,32,36
49,gottled01,1949,PHW,NBA,26,42
50,harrile01,1949,ROC,NBA,51,17
51,jeannbu01,1949,BLB,NBA,25,43
52,juliaal01,1949,BOS,NBA,22,46
53,kundljo01,1949,MNL,NBA,51,17
54,lapchjo01,1949,NYK,NBA,40,28
55,lewisgr01,1949,STB,NBA,26,42
56,mendemu01,1949,FTW,NBA,40,28
57,mooredo01,1949,AND,NBA,15,11
58,pottero01,1949,TRI,NBA,1,6
59,schulho01,1949,AND,NBA,21,14
60,shippch01,1949,WAT,NBA,8,27
61,smileja01,1949,WAT,NBA,11,16
62,sueseke01,1949,SHE,NBA,22,40
63,auerbre01,1950,BOS,NBA,39,30
64,barkecl01,1950,INO,NBA,24,32
65,budkowa01,1950,BLB,NBA,10,19
66,cervial01,1950,SYR,NBA,32,34
67,gottled01,1950,PHW,NBA,40,26
68,harrile01,1950,ROC,NBA,41,27
69,jeannbu01,1950,BLB,NBA,14,23
70,joneswa03,1950,INO,NBA,7,5
71,kundljo01,1950,MNL,NBA,44,24
72,lapchjo01,1950,NYK,NBA,36,30
73,loganjo01,1950,TRI,NBA,2,1
74,mckinbo01,1950,WSC,NBA,10,25
75,mcmilda01,1950,TRI,NBA,9,14
76,mendemu01,1950,FTW,NBA,32,36
77,todormi01,1950,TRI,NBA,14,28
78,auerbre01,1951,BOS,NBA,39,27
79,birchpa01,1951,FTW,NBA,29,37
80,cervial01,1951,SYR,NBA,40,26
81,gottled01,1951,PHW,NBA,33,33
82,harrile01,1951,ROC,NBA,41,25
83,kundljo01,1951,MNL,NBA,40,26
84,lapchjo01,1951,NYK,NBA,37,29
85,mooredo01,1951,MLH,NBA,17,49
86,reisech01,1951,BLB,NBA,8,19
87,schaehe01,1951,INO,NBA,34,32
88,scolafr01,1951,BLB,NBA,12,27
89,auerbre01,1952,BOS,NBA,46,25
90,beecl01,1952,BLB,NBA,16,51
91,birchpa01,1952,FTW,NBA,36,33
92,cervial01,1952,SYR,NBA,47,24
93,gottled01,1952,PHW,NBA,12,57
94,harrile01,1952,ROC,NBA,44,26
95,kundljo01,1952,MNL,NBA,48,22
96,lapchjo01,1952,NYK,NBA,47,23
97,levanan01,1952,MLH,NBA,27,44
98,reisech01,1952,BLB,NBA,0,3
99,schaehe01,1952,INO,NBA,28,43
100,auerbre01,1953,BOS,NBA,42,30
101,beecl01,1953,BLB,NBA,16,56
102,birchpa01,1953,FTW,NBA,40,32
103,cervial01,1953,SYR,NBA,42,30
104,gottled01,1953,PHW,NBA,29,43
105,harrile01,1953,ROC,NBA,44,28
106,holzmre01,1953,MLH,NBA,10,16
107,kundljo01,1953,MNL,NBA,46,26
108,lapchjo01,1953,NYK,NBA,44,28
109,levanan01,1953,MLH,NBA,11,35
110,auerbre01,1954,BOS,NBA,36,36
111,cervial01,1954,SYR,NBA,43,29
112,eckmach01,1954,FTW,NBA,43,29
113,gottled01,1954,PHW,NBA,33,39
114,harrile01,1954,ROC,NBA,29,43
115,holzmre01,1954,MLH,NBA,26,46
116,kundljo01,1954,MNL,NBA,40,32
117,lapchjo01,1954,NYK,NBA,38,34
118,auerbre01,1955,BOS,NBA,39,33
119,borylvi01,1955,NYK,NBA,9,12
120,cervial01,1955,SYR,NBA,35,37
121,eckmach01,1955,FTW,NBA,37,35
122,holzmre01,1955,STL,NBA,33,39
123,kundljo01,1955,MNL,NBA,33,39
124,lapchjo01,1955,NYK,NBA,26,25
125,senesge01,1955,PHW,NBA,45,27
126,wanzebo01,1955,ROC,NBA,31,41
127,auerbre01,1956,BOS,NBA,44,28
128,borylvi01,1956,NYK,NBA,36,36
129,cervial01,1956,SYR,NBA,4,8
130,eckmach01,1956,FTW,NBA,34,38
131,hannual01,1956,STL,NBA,15,16
132,holzmre01,1956,STL,NBA,14,19
133,kundljo01,1956,MNL,NBA,34,38
134,martisl01,1956,STL,NBA,5,3
135,senesge01,1956,PHW,NBA,37,35
136,seymopa01,1956,SYR,NBA,34,26
137,wanzebo01,1956,ROC,NBA,31,41
138,auerbre01,1957,BOS,NBA,49,23
139,borylvi01,1957,NYK,NBA,35,37
140,eckmach01,1957,DET,NBA,9,16
141,hannual01,1957,STL,NBA,41,31
142,kundljo01,1957,MNL,NBA,10,23
143,mikange01,1957,MNL,NBA,9,30
144,rochare01,1957,DET,NBA,24,23
145,senesge01,1957,PHW,NBA,37,35
146,seymopa01,1957,SYR,NBA,41,31
147,wanzebo01,1957,CIN,NBA,33,39
148,auerbre01,1958,BOS,NBA,52,20
149,cervial01,1958,PHW,NBA,32,40
150,kundljo01,1958,MNL,NBA,33,39
151,levanan01,1958,NYK,NBA,40,32
152,macaued01,1958,STL,NBA,43,19
153,marshto01,1958,CIN,NBA,16,38
154,phillan01,1958,STL,NBA,6,4
155,rochare01,1958,DET,NBA,28,44
156,seymopa01,1958,SYR,NBA,35,37
157,wanzebo01,1958,CIN,NBA,3,15
158,auerbre01,1959,BOS,NBA,59,16
159,braunca01,1959,NYK,NBA,19,29
160,castejo01,1959,MNL,NBA,11,25
161,johnsne01,1959,PHW,NBA,49,26
162,levanan01,1959,NYK,NBA,8,19
163,macaued01,1959,STL,NBA,46,29
164,marshto01,1959,CIN,NBA,19,56
165,mcguidi01,1959,DET,NBA,17,24
166,pollaji01,1959,MNL,NBA,14,25
167,rochare01,1959,DET,NBA,13,21
168,seymopa01,1959,SYR,NBA,45,30
169,auerbre01,1960,BOS,NBA,57,22
170,braunca01,1960,NYK,NBA,21,58
171,hannual01,1960,SYR,NBA,38,41
172,johnsne01,1960,PHW,NBA,46,33
173,mcguidi01,1960,DET,NBA,34,45
174,schaufr01,1960,LAL,NBA,36,43
175,seymopa01,1960,STL,NBA,51,28
176,wolfch01,1960,CIN,NBA,33,46
177,auerbre01,1961,BOS,NBA,60,20
178,dovoved01,1961,NYK,NBA,29,51
179,hannual01,1961,SYR,NBA,41,39
180,levanan01,1961,STL,NBA,20,40
181,mcguidi01,1961,DET,NBA,37,43
182,mcguifr01,1961,PHW,NBA,49,31
183,pettibo01,1961,STL,NBA,4,2
184,pollaji01,1961,CHP,NBA,18,62
185,schaufr01,1961,LAL,NBA,54,26
186,seymopa01,1961,STL,NBA,5,9
187,wolfch01,1961,CIN,NBA,43,37
188,auerbre01,1962,BOS,NBA,58,22
189,dovoved01,1962,NYK,NBA,21,59
190,feeribo01,1962,SFW,NBA,31,49
191,gallaha01,1962,STL,NBA,48,32
192,hannual01,1962,SYR,NBA,48,32
193,leonasl01,1962,CHZ,NBA,13,29
194,mcguidi01,1962,DET,NBA,34,46
195,mcmahja01,1962,CHZ,NBA,12,26
196,schaufr01,1962,LAL,NBA,53,27
197,wolfch01,1962,CIN,NBA,42,38
198,auerbre01,1963,BOS,NBA,59,21
199,dovoved01,1963,NYK,NBA,22,58
200,gallaha01,1963,STL,NBA,46,34
201,hannual01,1963,SFW,NBA,48,32
202,leonasl01,1963,BAL,NBA,31,49
203,mcmahja01,1963,CIN,NBA,55,25
204,schaufr01,1963,LAL,NBA,42,38
205,schaydo01,1963,PHI,NBA,34,46
206,wolfch01,1963,DET,NBA,23,57
207,auerbre01,1964,BOS,NBA,62,18
208,debusda01,1964,DET,NBA,29,40
209,dovoved01,1964,NYK,NBA,12,26
210,gallaha01,1964,NYK,NBA,19,23
211,gallaha01,1964,STL,NBA,17,16
212,gueriri01,1964,STL,NBA,28,19
213,hannual01,1964,SFW,NBA,17,63
214,jeannbu01,1964,BAL,NBA,37,43
215,mcmahja01,1964,CIN,NBA,48,32
216,schaufr01,1964,LAL,NBA,49,31
217,schaydo01,1964,PHI,NBA,40,40
218,wolfch01,1964,DET,NBA,2,9
219,auerbre01,1965,BOS,NBA,54,26
220,debusda01,1965,DET,NBA,22,58
221,gallaha01,1965,NYK,NBA,6,15
222,gueriri01,1965,STL,NBA,36,44
223,hannual01,1965,SFW,NBA,35,45
224,mcguidi01,1965,NYK,NBA,24,35
225,mcmahja01,1965,CIN,NBA,45,35
226,schaufr01,1965,LAL,NBA,45,35
227,schaydo01,1965,PHI,NBA,55,25
228,seymopa01,1965,BAL,NBA,38,42
229,butchdo01,1966,DET,NBA,2,6
230,debusda01,1966,DET,NBA,28,45
231,farmemi01,1966,BAL,NBA,1,8
232,gueriri01,1966,STL,NBA,39,42
233,hannual01,1966,PHI,NBA,68,13
234,jeannbu01,1966,BAL,NBA,3,13
235,kerrjo01,1966,CHI,NBA,33,48
236,mcguidi01,1966,NYK,NBA,36,45
237,mcmahja01,1966,CIN,NBA,39,42
238,russebi01,1966,BOS,NBA,60,21
239,schaufr01,1966,LAL,NBA,36,45
240,sharmbi01,1966,SFW,NBA,44,37
241,shuege01,1966,BAL,NBA,16,40
242,bassbo01,1967,DNR,ABA,45,33
243,biancal01,1967,SEA,NBA,23,59
244,brighal01,1967,ANA,ABA,12,24
245,butchdo01,1967,DET,NBA,40,42
246,cazzevi01,1967,PTP,ABA,54,24
247,dinneha01,1967,ANA,ABA,13,29
248,givenjo01,1967,KEN,ABA,5,12
249,gueriri01,1967,STL,NBA,56,26
250,hagancl01,1967,DLC,ABA,46,32
251,halebr01,1967,OAK,ABA,22,56
252,hannual01,1967,PHI,NBA,62,20
253,holzmre01,1967,NYK,NBA,28,17
254,juckeed01,1967,CIN,NBA,39,43
255,kerrjo01,1967,CHI,NBA,29,53
256,martisl01,1967,HSM,ABA,29,49
257,mccarba01,1967,NOB,ABA,48,30
258,mcguidi01,1967,NYK,NBA,15,22
259,mcmahja01,1967,SDR,NBA,15,67
260,pollaji01,1967,MNM,ABA,50,28
261,rhodege01,1967,KEN,ABA,31,30
262,russebi01,1967,BOS,NBA,54,28
263,sharmbi01,1967,SFW,NBA,43,39
264,shuege01,1967,BAL,NBA,36,46
265,stavela01,1967,INA,ABA,38,40
266,vanbrbu01,1967,LAL,NBA,52,30
267,zasloma01,1967,NJA,ABA,36,42
268,bassbo01,1968,DNR,ABA,44,34
269,biancal01,1968,SEA,NBA,30,52
270,butchdo01,1968,DET,NBA,10,12
271,costela01,1968,MIL,NBA,27,55
272,gueriri01,1968,ATL,NBA,48,34
273,hagancl01,1968,DLC,ABA,41,37
274,hannual01,1968,OAK,ABA,60,18
275,hardiji01,1968,MNP,ABA,18,8
276,hardiji01,1968,MNP,ABA,2,5
277,holzmre01,1968,NYK,NBA,54,28
278,juckeed01,1968,CIN,NBA,41,41
279,kerrjo01,1968,PHO,NBA,16,66
280,leege01,1968,SFW,NBA,41,41
281,leonasl01,1968,INA,ABA,42,27
282,martisl01,1968,HSM,ABA,3,9
283,mccarba01,1968,NOB,ABA,46,32
284,mcmahja01,1968,SDR,NBA,37,45
285,mikkeve01,1968,MNP,ABA,6,6
286,mottadi01,1968,CHI,NBA,33,49
287,pollaji01,1968,MMF,ABA,43,35
288,ramsaja01,1968,PHI,NBA,55,27
289,rhodege01,1968,KEN,ABA,42,36
290,russebi01,1968,BOS,NBA,48,34
291,seymopa01,1968,DET,NBA,22,38
292,sharmbi01,1968,LAS,ABA,33,45
293,shuege01,1968,BAL,NBA,57,25
294,stavela01,1968,INA,ABA,2,7
295,vanbrbu01,1968,LAL,NBA,55,27
296,weaveji01,1968,HSM,ABA,20,46
297,youngve01,1968,MNP,ABA,10,23
298,zasloma01,1968,NYA,ABA,17,61
299,attleal01,1969,SFW,NBA,8,22
300,belmojo01,1969,DNR,ABA,42,14
301,biancal01,1969,WSA,ABA,44,40
302,blitmha01,1969,MMF,ABA,18,46
303,clarkjo01,1969,PTP,ABA,14,25
304,colanje01,1969,PHO,NBA,24,20
305,costela01,1969,MIL,NBA,56,26
306,cousybo01,1969,CIN,NBA,36,46
307,gueriri01,1969,ATL,NBA,48,34
308,hagancl01,1969,DLC,ABA,22,21
309,hannual01,1969,SDR,NBA,18,38
310,heinsto01,1969,BOS,NBA,34,48
311,holzmre01,1969,NYK,NBA,60,22
312,jeannbu01,1969,PTP,ABA,15,30
313,kerrjo01,1969,PHO,NBA,15,23
314,laresyo01,1969,NYA,ABA,39,45
315,leege01,1969,SFW,NBA,22,30
316,leonasl01,1969,INA,ABA,59,25
317,mccarba01,1969,NOB,ABA,42,42
318,mckinbo01,1969,CAR,ABA,42,42
319,mclenjo01,1969,DNR,ABA,9,19
320,mcmahja01,1969,SDR,NBA,9,17
321,mottadi01,1969,CHI,NBA,39,43
322,mullajo01,1969,LAL,NBA,46,36
323,pollaji01,1969,MMF,ABA,5,15
324,ramsaja01,1969,PHI,NBA,42,40
325,rhodege01,1969,KEN,ABA,45,39
326,sharmbi01,1969,LAS,ABA,43,41
327,shuege01,1969,BAL,NBA,50,32
328,vanbrbu01,1969,DET,NBA,31,51
329,wilkele01,1969,SEA,NBA,36,46
330,willima05,1969,DLC,ABA,23,18
331,albecst01,1970,DNR,ABA,27,44
332,attleal01,1970,SFW,NBA,41,41
333,bassbo01,1970,FLO,ABA,19,17
334,belmojo01,1970,DNR,ABA,3,10
335,biancal01,1970,VIR,ABA,55,29
336,blakebi01,1970,TEX,ABA,25,40
337,blitmha01,1970,FLO,ABA,18,30
338,carnelo01,1970,NYA,ABA,40,44
339,costela01,1970,MIL,NBA,66,16
340,cousybo01,1970,CIN,NBA,33,49
341,fitchbi01,1970,CLE,NBA,15,67
342,fitzsco01,1970,PHO,NBA,48,34
343,grozaal01,1970,KEN,ABA,2,0
344,gueriri01,1970,ATL,NBA,36,46
345,hannual01,1970,SDR,NBA,40,42
346,heinsto01,1970,BOS,NBA,44,38
347,holzmre01,1970,NYK,NBA,52,30
348,leonasl01,1970,INA,ABA,58,26
349,mccarba01,1970,MMP,ABA,41,43
350,mckinbo01,1970,CAR,ABA,17,25
351,mcmahja01,1970,PTC,ABA,36,48
352,mottadi01,1970,CHI,NBA,51,31
353,mullajo01,1970,LAL,NBA,48,34
354,ramsaja01,1970,PHI,NBA,47,35
355,ramsefr01,1970,KEN,ABA,32,35
356,rhodege01,1970,KEN,ABA,10,5
357,schaydo01,1970,BUF,NBA,22,60
358,sharmbi01,1970,UTS,ABA,57,27
359,shuege01,1970,BAL,NBA,42,40
360,steelje01,1970,CAR,ABA,17,25
361,toddro01,1970,POR,NBA,29,53
362,vanbrbu01,1970,DET,NBA,45,37
363,wilkele01,1970,SEA,NBA,38,44
364,willima05,1970,TEX,ABA,5,14
365,anderla01,1971,UTS,ABA,60,24
366,attleal01,1971,GSW,NBA,51,31
367,bassbo01,1971,FLO,ABA,36,48
368,biancal01,1971,VIR,ABA,45,39
369,binstma01,1971,PTC,ABA,4,6
370,carnelo01,1971,NYA,ABA,44,40
371,costela01,1971,MIL,NBA,63,19
372,cousybo01,1971,CIN,NBA,30,52
373,dischte01,1971,DET,NBA,0,2
374,fitchbi01,1971,CLE,NBA,23,59
375,fitzsco01,1971,PHO,NBA,49,33
376,gueriri01,1971,ATL,NBA,36,46
377,hannual01,1971,DNR,ABA,34,50
378,heinsto01,1971,BOS,NBA,56,26
379,holzmre01,1971,NYK,NBA,48,34
380,inmanst01,1971,POR,NBA,6,20
381,leonasl01,1971,INA,ABA,47,37
382,lloydea01,1971,DET,NBA,20,50
383,mccarba01,1971,MMP,ABA,26,58
384,mccarjo01,1971,BUF,NBA,22,59
385,mcmahja01,1971,PTC,ABA,21,53
386,meschto01,1971,CAR,ABA,35,49
387,mottadi01,1971,CHI,NBA,57,25
388,mullajo01,1971,KEN,ABA,68,16
389,nissato01,1971,DLC,ABA,42,42
390,ramsaja01,1971,PHI,NBA,30,52
391,schaydo01,1971,BUF,NBA,0,1
392,sharmbi01,1971,LAL,NBA,69,13
393,shuege01,1971,BAL,NBA,38,44
394,toddro01,1971,POR,NBA,12,44
395,vanbrbu01,1971,DET,NBA,6,4
396,wilkele01,1971,SEA,NBA,47,35
397,wintete01,1971,HOU,NBA,34,48
398,anderla01,1972,UTS,ABA,55,29
399,attleal01,1972,GSW,NBA,47,35
400,bassbo01,1972,MMT,ABA,24,60
401,biancal01,1972,VIR,ABA,42,42
402,brownda03,1972,DLC,ABA,4,8
403,brownla01,1972,CAR,ABA,57,27
404,buckwbu01,1972,SEA,NBA,13,24
405,carnelo01,1972,NYA,ABA,30,54
406,colanje01,1972,PHO,NBA,35,40
407,costela01,1972,MIL,NBA,60,22
408,cousybo01,1972,KCO,NBA,36,46
409,eganjo01,1972,HOU,NBA,16,19
410,fitchbi01,1972,CLE,NBA,32,50
411,fitzsco01,1972,ATL,NBA,46,36
412,hannual01,1972,DNR,ABA,47,37
413,heinsto01,1972,BOS,NBA,68,14
414,holzmre01,1972,NYK,NBA,57,25
415,joneskc01,1972,SDA,ABA,30,54
416,leonasl01,1972,INA,ABA,51,33
417,lloydea01,1972,DET,NBA,2,5
418,loughke01,1972,PHI,NBA,5,26
419,mccarba01,1972,DLC,ABA,24,48
420,mccloja01,1972,POR,NBA,21,61
421,mottadi01,1972,CHI,NBA,51,31
422,mullajo01,1972,KEN,ABA,56,28
423,nissato01,1972,SEA,NBA,13,32
424,ramsaja01,1972,BUF,NBA,21,61
425,rubinro01,1972,PHI,NBA,4,47
426,scottra01,1972,DET,NBA,38,37
427,sharmbi01,1972,LAL,NBA,60,22
428,shuege01,1972,BAL,NBA,52,30
429,vanbrbu01,1972,PHO,NBA,3,4
430,wintete01,1972,HOU,NBA,17,30
431,attleal01,1973,GSW,NBA,44,38
432,biancal01,1973,VIR,ABA,28,56
433,brownla01,1973,CAR,ABA,47,37
434,chambwi01,1973,SDA,ABA,37,47
435,costela01,1973,MIL,NBA,59,23
436,cousybo01,1973,KCO,NBA,6,16
437,eganjo01,1973,HOU,NBA,32,50
438,fitchbi01,1973,CLE,NBA,29,53
439,fitzsco01,1973,ATL,NBA,35,47
440,hannual01,1973,DNR,ABA,37,47
441,heinsto01,1973,BOS,NBA,56,26
442,holzmre01,1973,NYK,NBA,49,33
443,johnsph01,1973,KCO,NBA,27,30
444,joneskc01,1973,CAP,NBA,47,35
445,leonasl01,1973,INA,ABA,46,38
446,loughke01,1973,NYA,ABA,55,29
447,maclejo01,1973,PHO,NBA,30,52
448,mccarba01,1973,KEN,ABA,53,31
449,mccloja01,1973,POR,NBA,27,55
450,mottadi01,1973,CHI,NBA,54,28
451,mullajo01,1973,UTS,ABA,51,33
452,nissato01,1973,SAA,ABA,45,39
453,ramsaja01,1973,BUF,NBA,42,40
454,russebi01,1973,SEA,NBA,36,46
455,scottra01,1973,DET,NBA,52,30
456,sharmbi01,1973,LAL,NBA,47,35
457,shuege01,1973,PHI,NBA,25,57
458,vanbrbu01,1973,MMT,ABA,21,63
459,youngdr01,1973,KCO,NBA,0,3
460,attleal01,1974,GSW,NBA,48,34
461,bassbo01,1974,SAA,ABA,33,23
462,bayloel01,1974,NOJ,NBA,0,1
463,biancal01,1974,VIR,ABA,15,69
464,brownhu01,1974,KEN,ABA,58,26
465,brownla01,1974,DNA,ABA,65,19
466,buckwbu01,1974,UTS,ABA,24,32
467,costela01,1974,MIL,NBA,38,44
468,eganjo01,1974,HOU,NBA,41,41
469,fitchbi01,1974,CLE,NBA,40,42
470,fitzsco01,1974,ATL,NBA,31,51
471,grozaal01,1974,SDA,ABA,15,23
472,heinsto01,1974,BOS,NBA,60,22
473,holzmre01,1974,NYK,NBA,40,42
474,johnsph01,1974,KCO,NBA,44,38
475,joneskc01,1974,WSB,NBA,60,22
476,leonasl01,1974,INA,ABA,45,39
477,loughke01,1974,NYA,ABA,58,26
478,mackibo01,1974,SSL,ABA,32,52
479,maclejo01,1974,PHO,NBA,32,50
480,mottadi01,1974,CHI,NBA,47,35
481,mullajo01,1974,MMS,ABA,27,57
482,nissato01,1974,SAA,ABA,18,10
483,nissato01,1974,UTS,ABA,14,14
484,ramsaja01,1974,BUF,NBA,49,33
485,robersc01,1974,NOJ,NBA,1,14
486,russebi01,1974,SEA,NBA,43,39
487,scottra01,1974,DET,NBA,40,42
488,sharmbi01,1974,LAL,NBA,30,52
489,shiplbe01,1974,SDA,ABA,16,30
490,shuege01,1974,PHI,NBA,34,48
491,vanbrbu01,1974,NOJ,NBA,22,44
492,wilkele01,1974,POR,NBA,38,44
493,ankerja01,1975,VIR,ABA,1,1
494,attleal01,1975,GSW,NBA,59,23
495,bassbo01,1975,SAA,ABA,50,34
496,beatyze01,1975,VIR,ABA,9,33
497,biancal01,1975,VIR,ABA,1,6
498,brownhe01,1975,DET,NBA,19,21
499,brownhu01,1975,KEN,ABA,46,38
500,brownla01,1975,DNA,ABA,60,24
501,calvima01,1975,VIR,ABA,0,6
502,costela01,1975,MIL,NBA,38,44
503,eganjo01,1975,HOU,NBA,40,42
504,fitchbi01,1975,CLE,NBA,49,33
505,fitzsco01,1975,ATL,NBA,28,46
506,heinsto01,1975,BOS,NBA,54,28
507,holzmre01,1975,NYK,NBA,38,44
508,johnsph01,1975,KCK,NBA,31,51
509,joneskc01,1975,WSB,NBA,48,34
510,leonasl01,1975,INA,ABA,39,45
511,loughke01,1975,NYA,ABA,55,29
512,maclejo01,1975,PHO,NBA,42,40
513,mottadi01,1975,CHI,NBA,24,58
514,mullajo01,1975,SSL,ABA,15,22
515,mussebi01,1975,SDS,ABA,3,8
516,mussebi01,1975,VIR,ABA,4,22
517,nissato01,1975,UTS,ABA,4,12
518,ramsaja01,1975,BUF,NBA,46,36
519,russebi01,1975,SEA,NBA,43,39
520,scottra01,1975,DET,NBA,17,25
521,sharmbi01,1975,LAL,NBA,40,42
522,shuege01,1975,PHI,NBA,46,36
523,thornro01,1975,SSL,ABA,20,27
524,tormobu01,1975,ATL,NBA,1,7
525,vanbrbu01,1975,NOJ,NBA,38,44
526,wilkele01,1975,POR,NBA,37,45
527,attleal01,1976,GSW,NBA,46,36
528,badgeed01,1976,CHI,NBA,44,38
529,bayloel01,1976,NOJ,NBA,21,35
530,brownhe01,1976,DET,NBA,44,38
531,brownhu01,1976,ATL,NBA,31,51
532,brownla01,1976,DEN,NBA,50,32
533,costela01,1976,MIL,NBA,3,15
534,fitchbi01,1976,CLE,NBA,43,39
535,heinsto01,1976,BOS,NBA,44,38
536,holzmre01,1976,NYK,NBA,40,42
537,johnsph01,1976,KCK,NBA,40,42
538,leonasl01,1976,IND,NBA,36,46
539,locketa01,1976,BUF,NBA,16,30
540,loughke01,1976,NYN,NBA,22,60
541,mackibo01,1976,BUF,NBA,3,4
542,maclejo01,1976,PHO,NBA,34,48
543,moedo01,1976,SAS,NBA,44,38
544,mottadi01,1976,WSB,NBA,48,34
545,mullajo01,1976,BUF,NBA,11,18
546,nelsodo01,1976,MIL,NBA,27,37
547,nissato01,1976,HOU,NBA,49,33
548,ramsaja01,1976,POR,NBA,49,33
549,russebi01,1976,SEA,NBA,40,42
550,shuege01,1976,PHI,NBA,50,32
551,vanbrbu01,1976,NOJ,NBA,14,12
552,westje01,1976,LAL,NBA,53,29
553,attleal01,1977,GSW,NBA,43,39
554,badgeed01,1977,CHI,NBA,40,42
555,bayloel01,1977,NOJ,NBA,39,43
556,brownhe01,1977,DET,NBA,9,15
557,brownhu01,1977,ATL,NBA,41,41
558,brownla01,1977,DEN,NBA,48,34
559,cunnibi01,1977,PHI,NBA,53,23
560,fitchbi01,1977,CLE,NBA,43,39
561,fitzsco01,1977,BUF,NBA,27,55
562,heinsto01,1977,BOS,NBA,11,23
563,hopkibo01,1977,SEA,NBA,5,17
564,johnsph01,1977,KCK,NBA,13,24
565,kauffbo01,1977,DET,NBA,29,29
566,leonasl01,1977,IND,NBA,31,51
567,loughke01,1977,NJN,NBA,24,58
568,maclejo01,1977,PHO,NBA,49,33
569,moedo01,1977,SAS,NBA,52,30
570,mottadi01,1977,WSB,NBA,44,38
571,nelsodo01,1977,MIL,NBA,44,38
572,nissato01,1977,HOU,NBA,28,54
573,ramsaja01,1977,POR,NBA,58,24
574,reedwi01,1977,NYK,NBA,43,39
575,sandeto01,1977,BOS,NBA,21,27
576,shuege01,1977,PHI,NBA,2,4
577,stavela01,1977,KCK,NBA,18,27
578,westje01,1977,LAL,NBA,45,37
579,wilkele01,1977,SEA,NBA,42,18
580,attleal01,1978,GSW,NBA,38,44
581,bayloel01,1978,NOJ,NBA,26,56
582,brownhu01,1978,ATL,NBA,46,36
583,brownla01,1978,DEN,NBA,28,25
584,costela01,1978,CHI,NBA,20,36
585,cowenda01,1978,BOS,NBA,27,41
586,cunnibi01,1978,PHI,NBA,47,35
587,fitchbi01,1978,CLE,NBA,30,52
588,fitzsco01,1978,KCK,NBA,48,34
589,holzmre01,1978,NYK,NBA,25,43
590,leonasl01,1978,IND,NBA,38,44
591,loughke01,1978,NJN,NBA,37,45
592,maclejo01,1978,PHO,NBA,50,32
593,moedo01,1978,SAS,NBA,48,34
594,mottadi01,1978,WSB,NBA,54,28
595,nelsodo01,1978,MIL,NBA,38,44
596,nissato01,1978,HOU,NBA,47,35
597,ramsaja01,1978,POR,NBA,45,37
598,reedwi01,1978,NYK,NBA,6,8
599,robersc01,1978,CHI,NBA,11,15
600,sandeto01,1978,BOS,NBA,2,12
601,shuege01,1978,SDC,NBA,43,39
602,vitaldi01,1978,DET,NBA,30,52
603,walshdo01,1978,DEN,NBA,19,10
604,westje01,1978,LAL,NBA,47,35
605,wilkele01,1978,SEA,NBA,52,30
606,adubari01,1979,DET,NBA,12,58
607,albecst01,1979,CLE,NBA,37,45
608,attleal01,1979,GSW,NBA,18,43
609,bachjo01,1979,GSW,NBA,6,15
610,bassbo01,1979,SAS,NBA,8,8
611,brownhu01,1979,ATL,NBA,50,32
612,cunnibi01,1979,PHI,NBA,59,23
613,fitchbi01,1979,BOS,NBA,61,21
614,fitzsco01,1979,KCK,NBA,47,35
615,harride02,1979,HOU,NBA,41,41
616,holzmre01,1979,NYK,NBA,39,43
617,leonasl01,1979,IND,NBA,37,45
618,loughke01,1979,NJN,NBA,34,48
619,maclejo01,1979,PHO,NBA,55,27
620,mckinja01,1979,LAL,NBA,10,4
621,moedo01,1979,SAS,NBA,33,33
622,mottadi01,1979,WSB,NBA,39,43
623,nelsodo01,1979,MIL,NBA,49,33
624,nissato01,1979,UTA,NBA,24,58
625,ramsaja01,1979,POR,NBA,38,44
626,shuege01,1979,SDC,NBA,35,47
627,sloanje01,1979,CHI,NBA,30,52
628,vitaldi01,1979,DET,NBA,4,8
629,walshdo01,1979,DEN,NBA,30,52
630,westhpa01,1979,LAL,NBA,50,18
631,wilkele01,1979,SEA,NBA,56,26
632,albecst01,1980,SAS,NBA,52,30
633,attleal01,1980,GSW,NBA,39,43
634,brownhu01,1980,ATL,NBA,31,48
635,cunnibi01,1980,PHI,NBA,62,20
636,delando01,1980,CLE,NBA,3,8
637,fitchbi01,1980,BOS,NBA,62,20
638,fitzsco01,1980,KCK,NBA,40,42
639,fratemi01,1980,ATL,NBA,0,3
640,harride02,1980,HOU,NBA,40,42
641,holzmre01,1980,NYK,NBA,50,32
642,loughke01,1980,NJN,NBA,12,23
643,mackibo01,1980,NJN,NBA,12,35
644,maclejo01,1980,PHO,NBA,57,25
645,mckinja01,1980,IND,NBA,44,38
646,moedo01,1980,DEN,NBA,26,25
647,mottadi01,1980,DAL,NBA,15,67
648,mussebi01,1980,CLE,NBA,25,46
649,nelsodo01,1980,MIL,NBA,60,22
650,nissato01,1980,UTA,NBA,28,54
651,ramsaja01,1980,POR,NBA,45,37
652,robersc01,1980,DET,NBA,21,61
653,shuege01,1980,WSB,NBA,39,43
654,silaspa01,1980,SDC,NBA,36,46
655,sloanje01,1980,CHI,NBA,45,37
656,walshdo01,1980,DEN,NBA,11,20
657,westhpa01,1980,LAL,NBA,54,28
658,wilkele01,1980,SEA,NBA,34,48
659,albecst01,1981,SAS,NBA,48,34
660,attleal01,1981,GSW,NBA,45,37
661,brownla01,1981,NJN,NBA,44,38
662,cunnibi01,1981,PHI,NBA,58,24
663,dalych01,1981,CLE,NBA,9,32
664,delando01,1981,CLE,NBA,4,11
665,fitchbi01,1981,BOS,NBA,63,19
666,fitzsco01,1981,KCK,NBA,30,52
667,harride02,1981,HOU,NBA,46,36
668,holzmre01,1981,NYK,NBA,33,49
669,johnsph01,1981,CHI,NBA,0,1
670,kloppbo01,1981,CLE,NBA,0,3
671,laydefr01,1981,UTA,NBA,17,45
672,loughke01,1981,ATL,NBA,42,40
673,maclejo01,1981,PHO,NBA,46,36
674,mckinja01,1981,IND,NBA,35,47
675,moedo01,1981,DEN,NBA,46,36
676,mottadi01,1981,DAL,NBA,28,54
677,mussebi01,1981,CLE,NBA,2,21
678,nelsodo01,1981,MIL,NBA,55,27
679,nissato01,1981,UTA,NBA,8,12
680,ramsaja01,1981,POR,NBA,42,40
681,rileypa01,1981,LAL,NBA,50,21
682,robersc01,1981,DET,NBA,39,43
683,shuege01,1981,WSB,NBA,43,39
684,silaspa01,1981,SDC,NBA,17,65
685,sloanje01,1981,CHI,NBA,19,32
686,thornro01,1981,CHI,NBA,15,15
687,westhpa01,1981,LAL,NBA,7,4
688,wilkele01,1981,SEA,NBA,52,30
689,albecst01,1982,SAS,NBA,53,29
690,attleal01,1982,GSW,NBA,30,52
691,blairbi01,1982,NJN,NBA,2,4
692,brownhu01,1982,NYK,NBA,44,38
693,brownla01,1982,NJN,NBA,47,29
694,cunnibi01,1982,PHI,NBA,65,17
695,fitchbi01,1982,BOS,NBA,56,26
696,fitzsco01,1982,KCK,NBA,45,37
697,harride02,1982,HOU,NBA,14,68
698,laydefr01,1982,UTA,NBA,30,52
699,loughke01,1982,ATL,NBA,43,39
700,maclejo01,1982,PHO,NBA,53,29
701,mckinja01,1982,IND,NBA,20,62
702,moedo01,1982,DEN,NBA,45,37
703,mottadi01,1982,DAL,NBA,38,44
704,nelsodo01,1982,MIL,NBA,51,31
705,nissato01,1982,CLE,NBA,23,59
706,ramsaja01,1982,POR,NBA,46,36
707,rileypa01,1982,LAL,NBA,58,24
708,robersc01,1982,DET,NBA,37,45
709,shuege01,1982,WSB,NBA,42,40
710,silaspa01,1982,SDC,NBA,25,57
711,westhpa01,1982,CHI,NBA,28,54
712,wilkele01,1982,SEA,NBA,48,34
713,albecst01,1983,NJN,NBA,45,37
714,bachjo01,1983,GSW,NBA,37,45
715,bassbo01,1983,SAS,NBA,26,25
716,brownhu01,1983,NYK,NBA,47,35
717,cunnibi01,1983,PHI,NBA,52,30
718,dalych01,1983,DET,NBA,49,33
719,fitchbi01,1983,HOU,NBA,29,53
720,fitzsco01,1983,KCK,NBA,38,44
721,fratemi01,1983,ATL,NBA,40,42
722,joneskc01,1983,BOS,NBA,62,20
723,laydefr01,1983,UTA,NBA,45,37
724,loughke01,1983,CHI,NBA,27,55
725,lynamji01,1983,SDC,NBA,30,52
726,maclejo01,1983,PHO,NBA,41,41
727,mchonmo01,1983,SAS,NBA,11,20
728,mckinja01,1983,IND,NBA,26,56
729,moedo01,1983,DEN,NBA,38,44
730,mottadi01,1983,DAL,NBA,43,39
731,nelsodo01,1983,MIL,NBA,50,32
732,nissato01,1983,CLE,NBA,28,54
733,ramsaja01,1983,POR,NBA,48,34
734,rileypa01,1983,LAL,NBA,54,28
735,shuege01,1983,WSB,NBA,35,47
736,wilkele01,1983,SEA,NBA,42,40
737,albecst01,1984,NJN,NBA,42,40
738,bachjo01,1984,GSW,NBA,22,60
739,brownhu01,1984,NYK,NBA,24,58
740,chanedo01,1984,LAC,NBA,9,12
741,cunnibi01,1984,PHI,NBA,58,24
742,dalych01,1984,DET,NBA,46,36
743,fitchbi01,1984,HOU,NBA,48,34
744,fitzsco01,1984,SAS,NBA,41,41
745,fratemi01,1984,ATL,NBA,34,48
746,irvinge01,1984,IND,NBA,22,60
747,johnsph01,1984,KCK,NBA,30,43
748,joneskc01,1984,BOS,NBA,63,19
749,karlge01,1984,CLE,NBA,36,46
750,laydefr01,1984,UTA,NBA,41,41
751,loughke01,1984,CHI,NBA,38,44
752,lynamji01,1984,LAC,NBA,22,39
753,maclejo01,1984,PHO,NBA,36,46
754,mckinja01,1984,KCK,NBA,1,8
755,moedo01,1984,DEN,NBA,52,30
756,mottadi01,1984,DAL,NBA,44,38
757,nelsodo01,1984,MIL,NBA,59,23
758,ramsaja01,1984,POR,NBA,42,40
759,rileypa01,1984,LAL,NBA,62,20
760,shuege01,1984,WSB,NBA,40,42
761,wilkele01,1984,SEA,NBA,31,51
762,albecst01,1985,CHI,NBA,30,52
763,bachjo01,1985,GSW,NBA,30,52
764,bickebe01,1985,SEA,NBA,31,51
765,brownhu01,1985,NYK,NBA,23,59
766,chanedo01,1985,LAC,NBA,32,50
767,dalych01,1985,DET,NBA,46,36
768,fitchbi01,1985,HOU,NBA,51,31
769,fitzsco01,1985,SAS,NBA,35,47
770,fratemi01,1985,ATL,NBA,50,32
771,guokama02,1985,PHI,NBA,54,28
772,irvinge01,1985,IND,NBA,26,56
773,johnsph01,1985,SAC,NBA,37,45
774,joneskc01,1985,BOS,NBA,67,15
775,karlge01,1985,CLE,NBA,25,42
776,laydefr01,1985,UTA,NBA,42,40
777,littlge01,1985,CLE,NBA,4,11
778,loughke01,1985,WSB,NBA,7,6
779,maclejo01,1985,PHO,NBA,32,50
780,moedo01,1985,DEN,NBA,47,35
781,mottadi01,1985,DAL,NBA,44,38
782,nelsodo01,1985,MIL,NBA,57,25
783,ramsaja01,1985,POR,NBA,40,42
784,rileypa01,1985,LAL,NBA,62,20
785,shuege01,1985,WSB,NBA,32,37
786,wohlda01,1985,NJN,NBA,39,43
787,bickebe01,1986,SEA,NBA,39,43
788,brownhu01,1986,NYK,NBA,4,12
789,chanedo01,1986,LAC,NBA,12,70
790,collido01,1986,CHI,NBA,40,42
791,dalych01,1986,DET,NBA,52,30
792,fitchbi01,1986,HOU,NBA,42,40
793,fratemi01,1986,ATL,NBA,57,25
794,guokama02,1986,PHI,NBA,45,37
795,hillbo01,1986,NYK,NBA,20,46
796,johnsph01,1986,SAC,NBA,14,32
797,joneskc01,1986,BOS,NBA,59,23
798,karlge01,1986,GSW,NBA,42,40
799,laydefr01,1986,UTA,NBA,44,38
800,loughke01,1986,WSB,NBA,42,40
801,maclejo01,1986,PHO,NBA,22,34
802,moedo01,1986,DEN,NBA,37,45
803,mottadi01,1986,DAL,NBA,55,27
804,nelsodo01,1986,MIL,NBA,50,32
805,ramsaja01,1986,IND,NBA,41,41
806,reynoje02,1986,SAC,NBA,15,21
807,rileypa01,1986,LAL,NBA,65,17
808,schulmi01,1986,POR,NBA,49,33
809,vanardi01,1986,PHO,NBA,14,12
810,weissbo01,1986,SAS,NBA,28,54
811,wilkele01,1986,CLE,NBA,31,51
812,wohlda01,1986,NJN,NBA,24,58
813,bickebe01,1987,SEA,NBA,44,38
814,collido01,1987,CHI,NBA,50,32
815,dalych01,1987,DET,NBA,54,28
816,fitchbi01,1987,HOU,NBA,46,36
817,fratemi01,1987,ATL,NBA,50,32
818,gregoed01,1987,GSW,NBA,4,14
819,guokama02,1987,PHI,NBA,20,23
820,harride02,1987,MIL,NBA,42,40
821,joneskc01,1987,BOS,NBA,57,25
822,karlge01,1987,GSW,NBA,16,48
823,laydefr01,1987,UTA,NBA,47,35
824,loughke01,1987,WSB,NBA,8,19
825,lynamji01,1987,PHI,NBA,16,23
826,mackibo01,1987,NJN,NBA,10,29
827,maclejo01,1987,DAL,NBA,53,29
828,moedo01,1987,DEN,NBA,54,28
829,pitinri01,1987,NYK,NBA,38,44
830,ramsaja01,1987,IND,NBA,38,44
831,reedwi01,1987,NJN,NBA,7,21
832,reynoje02,1987,SAC,NBA,7,17
833,rileypa01,1987,LAL,NBA,62,20
834,russebi01,1987,SAC,NBA,17,41
835,schulmi01,1987,POR,NBA,53,29
836,shuege01,1987,LAC,NBA,17,65
837,unselwe01,1987,WSB,NBA,30,25
838,weissbo01,1987,SAS,NBA,31,51
839,wetzejo01,1987,PHO,NBA,28,54
840,wilkele01,1987,CLE,NBA,42,40
841,wohlda01,1987,NJN,NBA,2,13
842,adelmri01,1988,POR,NBA,14,21
843,bickebe01,1988,SEA,NBA,46,30
844,brownla01,1988,SAS,NBA,21,61
845,caseydo01,1988,LAC,NBA,11,33
846,chanedo01,1988,HOU,NBA,45,37
847,collido01,1988,CHI,NBA,47,35
848,dalych01,1988,DET,NBA,63,19
849,danieme01,1988,IND,NBA,0,2
850,fitzsco01,1988,PHO,NBA,55,27
851,fratemi01,1988,ATL,NBA,52,30
852,harride02,1988,MIL,NBA,49,33
853,hartedi01,1988,CHH,NBA,20,62
854,irvinge01,1988,IND,NBA,6,14
855,kloppbo01,1988,SEA,NBA,1,4
856,laydefr01,1988,UTA,NBA,11,6
857,lynamji01,1988,PHI,NBA,46,36
858,maclejo01,1988,DAL,NBA,38,44
859,moedo01,1988,DEN,NBA,44,38
860,nelsodo01,1988,GSW,NBA,43,39
861,newelto01,1988,SEA,NBA,0,1
862,pitinri01,1988,NYK,NBA,52,30
863,ramsaja01,1988,IND,NBA,0,7
864,reedwi01,1988,NJN,NBA,26,56
865,reynoje02,1988,SAC,NBA,27,55
866,rileypa01,1988,LAL,NBA,57,25
867,rodgeji01,1988,BOS,NBA,42,40
868,rothsro01,1988,MIA,NBA,15,67
869,schulmi01,1988,POR,NBA,25,22
870,shuege01,1988,LAC,NBA,10,28
871,sloanje01,1988,UTA,NBA,40,25
872,unselwe01,1988,WSB,NBA,40,42
873,versadi01,1988,IND,NBA,22,31
874,wilkele01,1988,CLE,NBA,57,25
875,adelmri01,1989,POR,NBA,59,23
876,adubari01,1989,DAL,NBA,42,29
877,bickebe01,1989,SEA,NBA,41,41
878,brownla01,1989,SAS,NBA,56,26
879,caseydo01,1989,LAC,NBA,30,52
880,chanedo01,1989,HOU,NBA,41,41
881,dalych01,1989,DET,NBA,59,23
882,fitchbi01,1989,NJN,NBA,17,65
883,fitzsco01,1989,PHO,NBA,54,28
884,fratemi01,1989,ATL,NBA,41,41
885,guokama02,1989,ORL,NBA,18,64
886,harride02,1989,MIL,NBA,44,38
887,hartedi01,1989,CHH,NBA,8,32
888,jacksph01,1989,CHI,NBA,55,27
889,jacksst03,1989,NYK,NBA,45,37
890,littlge01,1989,CHH,NBA,11,31
891,lynamji01,1989,PHI,NBA,53,29
892,maclejo01,1989,DAL,NBA,5,6
893,moedo01,1989,DEN,NBA,43,39
894,mottadi01,1989,SAC,NBA,16,38
895,mussebi01,1989,MIN,NBA,22,60
896,nelsodo01,1989,GSW,NBA,37,45
897,reynoje02,1989,SAC,NBA,7,21
898,rileypa01,1989,LAL,NBA,63,19
899,rodgeji01,1989,BOS,NBA,52,30
900,rothsro01,1989,MIA,NBA,18,64
901,sloanje01,1989,UTA,NBA,55,27
902,unselwe01,1989,WSB,NBA,31,51
903,versadi01,1989,IND,NBA,42,40
904,wilkele01,1989,CLE,NBA,42,40
905,adelmri01,1990,POR,NBA,63,19
906,adubari01,1990,DAL,NBA,28,54
907,brownla01,1990,SAS,NBA,55,27
908,chanedo01,1990,HOU,NBA,52,30
909,dalych01,1990,DET,NBA,50,32
910,dunlemi01,1990,LAL,NBA,58,24
911,fitchbi01,1990,NJN,NBA,26,56
912,fitzsco01,1990,PHO,NBA,55,27
913,fordch01,1990,BOS,NBA,56,26
914,guokama02,1990,ORL,NBA,31,51
915,harride02,1990,MIL,NBA,48,34
916,hillbo01,1990,IND,NBA,32,25
917,jacksph01,1990,CHI,NBA,61,21
918,jacksst03,1990,NYK,NBA,7,8
919,joneskc01,1990,SEA,NBA,41,41
920,littlge01,1990,CHH,NBA,26,56
921,lynamji01,1990,PHI,NBA,44,38
922,maclejo01,1990,NYK,NBA,32,35
923,mottadi01,1990,SAC,NBA,25,57
924,mussebi01,1990,MIN,NBA,29,53
925,nelsodo01,1990,GSW,NBA,44,38
926,rothsro01,1990,MIA,NBA,24,58
927,schulmi01,1990,LAC,NBA,31,51
928,sloanje01,1990,UTA,NBA,54,28
929,unselwe01,1990,WSB,NBA,30,52
930,versadi01,1990,IND,NBA,9,16
931,weissbo01,1990,ATL,NBA,43,39
932,westhpa01,1990,DEN,NBA,20,62
933,wilkele01,1990,CLE,NBA,33,49
934,adelmri01,1991,POR,NBA,57,25
935,adubari01,1991,DAL,NBA,22,60
936,bassbo01,1991,SAS,NBA,26,18
937,bristal01,1991,CHH,NBA,31,51
938,brownla01,1991,LAC,NBA,23,12
939,brownla01,1991,SAS,NBA,21,17
940,calvima01,1991,LAC,NBA,1,1
941,chanedo01,1991,HOU,NBA,26,26
942,dalych01,1991,DET,NBA,48,34
943,dunlemi01,1991,LAL,NBA,43,39
944,fitchbi01,1991,NJN,NBA,40,42
945,fitzsco01,1991,PHO,NBA,53,29
946,fordch01,1991,BOS,NBA,51,31
947,guokama02,1991,ORL,NBA,21,61
948,hamblfr01,1991,MIL,NBA,23,42
949,harride02,1991,MIL,NBA,8,9
950,hillbo01,1991,IND,NBA,40,42
951,hughere01,1991,SAC,NBA,22,35
952,jacksph01,1991,CHI,NBA,67,15
953,joneskc01,1991,SEA,NBA,18,18
954,karlge01,1991,SEA,NBA,27,15
955,kloppbo01,1991,SEA,NBA,2,2
956,loughke01,1991,MIA,NBA,38,44
957,lynamji01,1991,PHI,NBA,35,47
958,mottadi01,1991,SAC,NBA,7,18
959,nelsodo01,1991,GSW,NBA,55,27
960,rileypa01,1991,NYK,NBA,51,31
961,rodgeji01,1991,MIN,NBA,15,67
962,schulmi01,1991,LAC,NBA,21,24
963,sloanje01,1991,UTA,NBA,55,27
964,tomjaru01,1991,HOU,NBA,16,14
965,unselwe01,1991,WSB,NBA,25,57
966,weissbo01,1991,ATL,NBA,38,44
967,westhpa01,1991,DEN,NBA,24,58
968,wilkele01,1991,CLE,NBA,57,25
969,adelmri01,1992,POR,NBA,51,31
970,adubari01,1992,DAL,NBA,2,27
971,bristal01,1992,CHH,NBA,44,38
972,brownla01,1992,LAC,NBA,41,41
973,cartefr01,1992,PHI,NBA,7,19
974,dalych01,1992,NJN,NBA,43,39
975,dunlemi01,1992,MIL,NBA,28,54
976,fordch01,1992,BOS,NBA,48,34
977,guokama02,1992,ORL,NBA,41,41
978,heardga01,1992,DAL,NBA,9,44
979,hillbo01,1992,IND,NBA,41,41
980,hughere01,1992,SAS,NBA,1,0
981,isselda01,1992,DEN,NBA,36,46
982,jacksph01,1992,CHI,NBA,57,25
983,karlge01,1992,SEA,NBA,55,27
984,loughke01,1992,MIA,NBA,36,46
985,lowesi01,1992,MIN,NBA,13,40
986,lucasjo01,1992,SAS,NBA,39,22
987,moedo01,1992,PHI,NBA,19,37
988,nelsodo01,1992,GSW,NBA,34,48
989,pfundra01,1992,LAL,NBA,39,43
990,rileypa01,1992,NYK,NBA,60,22
991,rodgeji01,1992,MIN,NBA,6,23
992,rothsro01,1992,DET,NBA,40,42
993,sloanje01,1992,UTA,NBA,47,35
994,stjeaga01,1992,SAC,NBA,25,57
995,tarkaje01,1992,SAS,NBA,9,11
996,tomjaru01,1992,HOU,NBA,55,27
997,unselwe01,1992,WSB,NBA,22,60
998,weissbo01,1992,ATL,NBA,43,39
999,westppa01,1992,PHO,NBA,62,20
1000,wilkele01,1992,CLE,NBA,54,28
1001,adelmri01,1993,POR,NBA,47,35
1002,bertkbi01,1993,LAL,NBA,1,1
1003,bristal01,1993,CHH,NBA,41,41
1004,brownla01,1993,IND,NBA,47,35
1005,bucknqu01,1993,DAL,NBA,13,69
1006,cartefr01,1993,PHI,NBA,25,57
1007,chanedo01,1993,DET,NBA,20,62
1008,dalych01,1993,NJN,NBA,45,37
1009,dunlemi01,1993,MIL,NBA,20,62
1010,fordch01,1993,BOS,NBA,32,50
1011,fratemi01,1993,CLE,NBA,47,35
1012,hillbr01,1993,ORL,NBA,50,32
1013,isselda01,1993,DEN,NBA,42,40
1014,jacksph01,1993,CHI,NBA,55,27
1015,johnsma02,1993,LAL,NBA,5,11
1016,karlge01,1993,SEA,NBA,63,19
1017,loughke01,1993,MIA,NBA,42,40
1018,lowesi01,1993,MIN,NBA,20,62
1019,lucasjo01,1993,SAS,NBA,55,27
1020,nelsodo01,1993,GSW,NBA,50,32
1021,pfundra01,1993,LAL,NBA,27,37
1022,rileypa01,1993,NYK,NBA,57,25
1023,sloanje01,1993,UTA,NBA,53,29
1024,stjeaga01,1993,SAC,NBA,28,54
1025,tomjaru01,1993,HOU,NBA,58,24
1026,unselwe01,1993,WSB,NBA,24,58
1027,weissbo01,1993,LAC,NBA,27,55
1028,westppa01,1993,PHO,NBA,56,26
1029,wilkele01,1993,ATL,NBA,57,25
1030,beardbu01,1994,NJN,NBA,30,52
1031,bickebe01,1994,DEN,NBA,20,12
1032,blairbi01,1994,MIN,NBA,21,61
1033,bristal01,1994,CHH,NBA,50,32
1034,brownla01,1994,IND,NBA,52,30
1035,carlepj01,1994,POR,NBA,44,38
1036,chanedo01,1994,DET,NBA,28,54
1037,dunlemi01,1994,MIL,NBA,34,48
1038,fitchbi01,1994,LAC,NBA,17,65
1039,fordch01,1994,BOS,NBA,35,47
1040,fratemi01,1994,CLE,NBA,43,39
1041,gentral01,1994,MIA,NBA,15,21
1042,harride02,1994,LAL,NBA,48,34
1043,hillbo01,1994,SAS,NBA,62,20
1044,hillbr01,1994,ORL,NBA,57,25
1045,isselda01,1994,DEN,NBA,18,16
1046,jacksph01,1994,CHI,NBA,47,35
1047,karlge01,1994,SEA,NBA,57,25
1048,laniebo01,1994,GSW,NBA,12,25
1049,littlge01,1994,DEN,NBA,3,13
1050,loughke01,1994,MIA,NBA,17,29
1051,lucasjo01,1994,PHI,NBA,24,58
1052,lynamji01,1994,WSB,NBA,21,61
1053,mottadi01,1994,DAL,NBA,36,46
1054,nelsodo01,1994,GSW,NBA,14,31
1055,rileypa01,1994,NYK,NBA,55,27
1056,sloanje01,1994,UTA,NBA,60,22
1057,stjeaga01,1994,SAC,NBA,39,43
1058,tomjaru01,1994,HOU,NBA,47,35
1059,westppa01,1994,PHO,NBA,59,23
1060,wilkele01,1994,ATL,NBA,42,40
1061,adelmri01,1995,GSW,NBA,36,46
1062,beardbu01,1995,NJN,NBA,30,52
1063,bickebe01,1995,DEN,NBA,35,47
1064,blairbi01,1995,MIN,NBA,6,14
1065,bristal01,1995,CHH,NBA,41,41
1066,brownla01,1995,IND,NBA,52,30
1067,carlepj01,1995,POR,NBA,44,38
1068,carrml01,1995,BOS,NBA,33,49
1069,collido01,1995,DET,NBA,46,36
1070,dunlemi01,1995,MIL,NBA,25,57
1071,fitchbi01,1995,LAC,NBA,29,53
1072,fitzsco01,1995,PHO,NBA,27,22
1073,fratemi01,1995,CLE,NBA,47,35
1074,harride02,1995,LAL,NBA,53,29
1075,hillbo01,1995,SAS,NBA,59,23
1076,hillbr01,1995,ORL,NBA,60,22
1077,jacksph01,1995,CHI,NBA,72,10
1078,karlge01,1995,SEA,NBA,64,18
1079,lucasjo01,1995,PHI,NBA,18,64
1080,lynamji01,1995,WSB,NBA,39,43
1081,malonbr01,1995,TOR,NBA,21,61
1082,mottadi01,1995,DAL,NBA,26,56
1083,nelsodo01,1995,NYK,NBA,34,25
1084,rileypa01,1995,MIA,NBA,42,40
1085,saundfl01,1995,MIN,NBA,20,42
1086,sloanje01,1995,UTA,NBA,55,27
1087,stjeaga01,1995,SAC,NBA,39,43
1088,tomjaru01,1995,HOU,NBA,48,34
1089,vanguje01,1995,NYK,NBA,13,10
1090,westppa01,1995,PHO,NBA,14,19
1091,wilkele01,1995,ATL,NBA,46,36
1092,wintebr01,1995,VAN,NBA,15,67
1093,adelmri01,1996,GSW,NBA,30,52
1094,adubari01,1996,ORL,NBA,21,12
1095,aingeda01,1996,PHO,NBA,40,34
1096,bickebe01,1996,DEN,NBA,4,9
1097,bickebe01,1996,WSB,NBA,22,13
1098,brownla01,1996,IND,NBA,39,43
1099,calipjo01,1996,NJN,NBA,26,56
1100,carlepj01,1996,POR,NBA,49,33
1101,carrml01,1996,BOS,NBA,15,67
1102,cleamji01,1996,DAL,NBA,24,58
1103,collido01,1996,DET,NBA,54,28
1104,cowenda01,1996,CHH,NBA,54,28
1105,davisjo01,1996,PHI,NBA,22,60
1106,fitchbi01,1996,LAC,NBA,36,46
1107,fitzsco01,1996,PHO,NBA,0,8
1108,fordch01,1996,MIL,NBA,33,49
1109,fratemi01,1996,CLE,NBA,42,40
1110,harride02,1996,LAL,NBA,56,26
1111,hillbo01,1996,SAS,NBA,3,15
1112,hillbr01,1996,ORL,NBA,24,25
1113,jacksph01,1996,CHI,NBA,69,13
1114,jacksst03,1996,VAN,NBA,6,33
1115,jordaed01,1996,SAC,NBA,6,9
1116,karlge01,1996,SEA,NBA,57,25
1117,lynamji01,1996,WSB,NBA,22,24
1118,mottadi01,1996,DEN,NBA,17,52
1119,popovgr01,1996,SAS,NBA,17,47
1120,rileypa01,1996,MIA,NBA,61,21
1121,saundfl01,1996,MIN,NBA,40,42
1122,sloanje01,1996,UTA,NBA,64,18
1123,staakbo01,1996,WSB,NBA,0,1
1124,stjeaga01,1996,SAC,NBA,28,39
1125,tomjaru01,1996,HOU,NBA,57,25
1126,vanguje01,1996,NYK,NBA,57,25
1127,walkeda01,1996,TOR,NBA,30,52
1128,wilkele01,1996,ATL,NBA,56,26
1129,wintebr01,1996,VAN,NBA,8,35
1130,aingeda01,1997,PHO,NBA,56,26
1131,bickebe01,1997,WAS,NBA,42,40
1132,birdla01,1997,IND,NBA,58,24
1133,brownla01,1997,PHI,NBA,31,51
1134,calipjo01,1997,NJN,NBA,43,39
1135,carlepj01,1997,GSW,NBA,19,63
1136,cartebu01,1997,TOR,NBA,5,28
1137,cleamji01,1997,DAL,NBA,4,12
1138,collido01,1997,DET,NBA,21,24
1139,cowenda01,1997,CHH,NBA,51,31
1140,dalych01,1997,ORL,NBA,41,41
1141,dunlemi01,1997,POR,NBA,46,36
1142,fitchbi01,1997,LAC,NBA,17,65
1143,fordch01,1997,MIL,NBA,36,46
1144,fratemi01,1997,CLE,NBA,47,35
1145,gentral01,1997,DET,NBA,16,21
1146,hanzlbi01,1997,DEN,NBA,11,71
1147,harride02,1997,LAL,NBA,61,21
1148,hillbr01,1997,VAN,NBA,19,63
1149,jacksph01,1997,CHI,NBA,62,20
1150,jordaed01,1997,SAC,NBA,27,55
1151,karlge01,1997,SEA,NBA,61,21
1152,nelsodo01,1997,DAL,NBA,16,50
1153,pitinri01,1997,BOS,NBA,36,46
1154,popovgr01,1997,SAS,NBA,56,26
1155,rileypa01,1997,MIA,NBA,55,27
1156,saundfl01,1997,MIN,NBA,45,37
1157,sloanje01,1997,UTA,NBA,62,20
1158,tomjaru01,1997,HOU,NBA,41,41
1159,vanguje01,1997,NYK,NBA,43,39
1160,walkeda01,1997,TOR,NBA,11,38
1161,wilkele01,1997,ATL,NBA,50,32
1162,adelmri01,1998,SAC,NBA,27,23
1163,aingeda01,1998,PHO,NBA,27,23
1164,bertkbi01,1998,LAL,NBA,1,0
1165,bickebe01,1998,WAS,NBA,13,19
1166,birdla01,1998,IND,NBA,33,17
1167,broveji01,1998,WAS,NBA,5,13
1168,brownla01,1998,PHI,NBA,28,22
1169,calipjo01,1998,NJN,NBA,3,17
1170,carlepj01,1998,GSW,NBA,21,29
1171,cartebu01,1998,TOR,NBA,23,27
1172,caseydo01,1998,NJN,NBA,13,17
1173,cowenda01,1998,CHH,NBA,4,11
1174,dalych01,1998,ORL,NBA,33,17
1175,dantomi01,1998,DEN,NBA,14,36
1176,dunlemi01,1998,POR,NBA,35,15
1177,floydti01,1998,CHI,NBA,13,37
1178,fordch01,1998,LAC,NBA,9,41
1179,fratemi01,1998,CLE,NBA,22,28
1180,gentral01,1998,DET,NBA,29,21
1181,harride02,1998,LAL,NBA,6,6
1182,hillbr01,1998,VAN,NBA,8,42
1183,karlge01,1998,MIL,NBA,28,22
1184,nelsodo01,1998,DAL,NBA,19,31
1185,pitinri01,1998,BOS,NBA,19,31
1186,popovgr01,1998,SAS,NBA,37,13
1187,rambiku01,1998,LAL,NBA,24,13
1188,rileypa01,1998,MIA,NBA,33,17
1189,saundfl01,1998,MIN,NBA,25,25
1190,silaspa01,1998,CHH,NBA,22,13
1191,sloanje01,1998,UTA,NBA,37,13
1192,tomjaru01,1998,HOU,NBA,31,19
1193,vanguje01,1998,NYK,NBA,27,23
1194,westppa01,1998,SEA,NBA,25,25
1195,wilkele01,1998,ATL,NBA,31,19
1196,adelmri01,1999,SAC,NBA,44,38
1197,aingeda01,1999,PHO,NBA,13,7
1198,birdla01,1999,IND,NBA,56,26
1199,brownla01,1999,PHI,NBA,49,33
1200,carlepj01,1999,GSW,NBA,6,21
1201,cartebu01,1999,TOR,NBA,45,37
1202,caseydo01,1999,NJN,NBA,31,51
1203,dunlemi01,1999,POR,NBA,59,23
1204,floydti01,1999,CHI,NBA,17,65
1205,fordch01,1999,LAC,NBA,11,34
1206,gentral01,1999,DET,NBA,28,30
1207,heardga01,1999,WAS,NBA,14,30
1208,hillbr01,1999,VAN,NBA,4,18
1209,hollili01,1999,VAN,NBA,18,42
1210,irvinge01,1999,DET,NBA,14,10
1211,isselda01,1999,DEN,NBA,35,47
1212,jacksph01,1999,LAL,NBA,67,15
1213,karlge01,1999,MIL,NBA,42,40
1214,nelsodo01,1999,DAL,NBA,40,42
1215,pitinri01,1999,BOS,NBA,35,47
1216,popovgr01,1999,SAS,NBA,53,29
1217,rileypa01,1999,MIA,NBA,52,30
1218,riverdo01,1999,ORL,NBA,41,41
1219,saundfl01,1999,MIN,NBA,50,32
1220,silaspa01,1999,CHH,NBA,49,33
1221,skilesc01,1999,PHO,NBA,40,22
1222,sloanje01,1999,UTA,NBA,55,27
1223,stjeaga01,1999,GSW,NBA,13,42
1224,toddji01,1999,LAC,NBA,4,33
1225,tomjaru01,1999,HOU,NBA,34,48
1226,vanguje01,1999,NYK,NBA,50,32
1227,walkeda01,1999,WAS,NBA,15,23
1228,westppa01,1999,SEA,NBA,45,37
1229,wilkele01,1999,ATL,NBA,28,54
1230,wittmra01,1999,CLE,NBA,32,50
1231,adelmri01,2000,SAC,NBA,55,27
1232,brownla01,2000,PHI,NBA,56,26
1233,cowenda01,2000,GSW,NBA,17,65
1234,dunlemi01,2000,POR,NBA,50,32
1235,floydti01,2000,CHI,NBA,15,67
1236,gentral01,2000,LAC,NBA,31,51
1237,hamille01,2000,WAS,NBA,19,63
1238,irvinge01,2000,DET,NBA,32,50
1239,isselda01,2000,DEN,NBA,40,42
1240,jacksph01,2000,LAL,NBA,56,26
1241,karlge01,2000,MIL,NBA,52,30
1242,krugelo01,2000,ATL,NBA,25,57
1243,lowesi01,2000,VAN,NBA,23,59
1244,mcmilna01,2000,SEA,NBA,38,29
1245,nelsodo01,2000,DAL,NBA,53,29
1246,obrieji03,2000,BOS,NBA,24,24
1247,pitinri01,2000,BOS,NBA,12,22
1248,popovgr01,2000,SAS,NBA,58,24
1249,rileypa01,2000,MIA,NBA,50,32
1250,riverdo01,2000,ORL,NBA,43,39
1251,saundfl01,2000,MIN,NBA,47,35
1252,scottby01,2000,NJN,NBA,26,56
1253,silaspa01,2000,CHH,NBA,46,36
1254,skilesc01,2000,PHO,NBA,51,31
1255,sloanje01,2000,UTA,NBA,53,29
1256,thomais01,2000,IND,NBA,41,41
1257,tomjaru01,2000,HOU,NBA,45,37
1258,vanguje01,2000,NYK,NBA,48,34
1259,westppa01,2000,SEA,NBA,6,9
1260,wilkele01,2000,TOR,NBA,47,35
1261,wittmra01,2000,CLE,NBA,30,52
1262,adelmri01,2001,SAC,NBA,61,21
1263,berrybi01,2001,CHI,NBA,0,2
1264,brownla01,2001,PHI,NBA,43,39
1265,carliri01,2001,DET,NBA,50,32
1266,cartwbi01,2001,CHI,NBA,17,38
1267,chanedo01,2001,NYK,NBA,20,43
1268,cheekma01,2001,POR,NBA,49,33
1269,collido01,2001,WAS,NBA,37,45
1270,cowenda01,2001,GSW,NBA,8,15
1271,evansmi01,2001,DEN,NBA,18,38
1272,floydti01,2001,CHI,NBA,4,21
1273,gentral01,2001,LAC,NBA,39,43
1274,isselda01,2001,DEN,NBA,9,17
1275,jacksph01,2001,LAL,NBA,58,24
1276,johnsfr01,2001,PHO,NBA,11,20
1277,karlge01,2001,MIL,NBA,41,41
1278,krugelo01,2001,ATL,NBA,33,49
1279,lowesi01,2001,MEM,NBA,23,59
1280,lucasjo01,2001,CLE,NBA,29,53
1281,mcmilna01,2001,SEA,NBA,45,37
1282,nelsodo01,2001,DAL,NBA,57,25
1283,obrieji03,2001,BOS,NBA,49,33
1284,popovgr01,2001,SAS,NBA,58,24
1285,rileypa01,2001,MIA,NBA,36,46
1286,riverdo01,2001,ORL,NBA,44,38
1287,saundfl01,2001,MIN,NBA,50,32
1288,scottby01,2001,NJN,NBA,52,30
1289,silaspa01,2001,CHH,NBA,44,38
1290,skilesc01,2001,PHO,NBA,25,26
1291,sloanje01,2001,UTA,NBA,44,38
1292,thomais01,2001,IND,NBA,42,40
1293,tomjaru01,2001,HOU,NBA,28,54
1294,vanguje01,2001,NYK,NBA,10,9
1295,wilkele01,2001,TOR,NBA,42,40
1296,wintebr01,2001,GSW,NBA,13,46
1297,adelmri01,2002,SAC,NBA,59,23
1298,brownhu01,2002,MEM,NBA,28,46
1299,brownla01,2002,PHI,NBA,48,34
1300,bzdelje01,2002,DEN,NBA,17,65
1301,carliri01,2002,DET,NBA,50,32
1302,cartwbi01,2002,CHI,NBA,30,52
1303,chanedo01,2002,NYK,NBA,37,45
1304,cheekma01,2002,POR,NBA,50,32
1305,collido01,2002,WAS,NBA,37,45
1306,gentral01,2002,LAC,NBA,19,39
1307,jacksph01,2002,LAL,NBA,50,32
1308,johnsde01,2002,LAC,NBA,8,16
1309,johnsfr01,2002,PHO,NBA,44,38
1310,karlge01,2002,MIL,NBA,42,40
1311,krugelo01,2002,ATL,NBA,11,16
1312,lowesi01,2002,MEM,NBA,0,8
1313,lucasjo01,2002,CLE,NBA,8,34
1314,mcmilna01,2002,SEA,NBA,40,42
1315,musseer01,2002,GSW,NBA,38,44
1316,nelsodo01,2002,DAL,NBA,60,22
1317,obrieji03,2002,BOS,NBA,44,38
1318,popovgr01,2002,SAS,NBA,60,22
1319,rileypa01,2002,MIA,NBA,25,57
1320,riverdo01,2002,ORL,NBA,42,40
1321,saundfl01,2002,MIN,NBA,51,31
1322,scottby01,2002,NJN,NBA,49,33
1323,silaspa01,2002,NOH,NBA,47,35
1324,sloanje01,2002,UTA,NBA,47,35
1325,smartke01,2002,CLE,NBA,9,31
1326,stottte01,2002,ATL,NBA,24,31
1327,thomais01,2002,IND,NBA,48,34
1328,tomjaru01,2002,HOU,NBA,43,39
1329,wilkele01,2002,TOR,NBA,24,58
1330,adelmri01,2003,SAC,NBA,55,27
1331,ayersra01,2003,PHI,NBA,21,31
1332,brownhu01,2003,MEM,NBA,50,32
1333,brownla01,2003,DET,NBA,54,28
1334,bzdelje01,2003,DEN,NBA,43,39
1335,carliri01,2003,IND,NBA,61,21
1336,carrojo02,2003,BOS,NBA,14,22
1337,cartwbi01,2003,CHI,NBA,4,10
1338,chanedo01,2003,NYK,NBA,15,24
1339,cheekma01,2003,POR,NBA,41,41
1340,dantomi01,2003,PHO,NBA,21,40
1341,davisjo01,2003,ORL,NBA,20,51
1342,dunlemi01,2003,LAC,NBA,28,54
1343,floydti01,2003,NOH,NBA,41,41
1344,fordch01,2003,PHI,NBA,12,18
1345,frankla01,2003,NJN,NBA,25,15
1346,jacksph01,2003,LAL,NBA,56,26
1347,johnsfr01,2003,PHO,NBA,8,13
1348,jordaed01,2003,WAS,NBA,25,57
1349,mcmilna01,2003,SEA,NBA,37,45
1350,musseer01,2003,GSW,NBA,37,45
1351,myerspe01,2003,CHI,NBA,0,2
1352,nelsodo01,2003,DAL,NBA,52,30
1353,obrieji03,2003,BOS,NBA,22,24
1354,oneilke01,2003,TOR,NBA,33,49
1355,popovgr01,2003,SAS,NBA,57,25
1356,portete01,2003,MIL,NBA,41,41
1357,riverdo01,2003,ORL,NBA,1,10
1358,saundfl01,2003,MIN,NBA,58,24
1359,scottby01,2003,NJN,NBA,22,20
1360,silaspa01,2003,CLE,NBA,35,47
1361,skilesc01,2003,CHI,NBA,19,47
1362,sloanje01,2003,UTA,NBA,42,40
1363,stottte01,2003,ATL,NBA,28,54
1364,vanguje01,2003,HOU,NBA,45,37
1365,vangust01,2003,MIA,NBA,42,40
1366,wilkele01,2003,NYK,NBA,23,19
1367,willihe01,2003,NYK,NBA,1,0
1368,adelmri01,2004,SAC,NBA,50,32
1369,bickebe01,2004,CHA,NBA,18,64
1370,brownhu01,2004,MEM,NBA,5,7
1371,brownla01,2004,DET,NBA,54,28
1372,bzdelje01,2004,DEN,NBA,13,15
1373,carliri01,2004,IND,NBA,44,38
1374,cheekma01,2004,POR,NBA,22,33
1375,coopemi01,2004,DEN,NBA,4,10
1376,dantomi01,2004,PHO,NBA,62,20
1377,davisjo01,2004,ORL,NBA,31,33
1378,dunlemi01,2004,LAC,NBA,37,45
1379,frankla01,2004,NJN,NBA,42,40
1380,fratemi01,2004,MEM,NBA,40,30
1381,hamblfr01,2004,LAL,NBA,10,29
1382,jentch01,2004,ORL,NBA,5,13
1383,johnsav01,2004,DAL,NBA,16,2
1384,jordaed01,2004,WAS,NBA,45,37
1385,karlge01,2004,DEN,NBA,32,8
1386,malonbr01,2004,CLE,NBA,8,10
1387,mchalke01,2004,MIN,NBA,19,12
1388,mcmilna01,2004,SEA,NBA,52,30
1389,mitchsa01,2004,TOR,NBA,33,49
1390,montgmi01,2004,GSW,NBA,34,48
1391,nelsodo01,2004,DAL,NBA,42,22
1392,obrieji03,2004,PHI,NBA,43,39
1393,popovgr01,2004,SAS,NBA,59,23
1394,portete01,2004,MIL,NBA,30,52
1395,pritcke01,2004,POR,NBA,5,22
1396,riverdo01,2004,BOS,NBA,45,37
1397,saundfl01,2004,MIN,NBA,25,26
1398,scottby01,2004,NOH,NBA,18,64
1399,silaspa01,2004,CLE,NBA,34,30
1400,skilesc01,2004,CHI,NBA,47,35
1401,sloanje01,2004,UTA,NBA,26,56
1402,tomjaru01,2004,LAL,NBA,24,19
1403,vanguje01,2004,HOU,NBA,51,31
1404,vangust01,2004,MIA,NBA,59,23
1405,wilkele01,2004,NYK,NBA,17,22
1406,willihe01,2004,NYK,NBA,16,27
1407,woodsmi01,2004,ATL,NBA,13,69
1408,adelmri01,2005,SAC,NBA,44,38
1409,bickebe01,2005,CHA,NBA,26,56
1410,brownla01,2005,NYK,NBA,23,59
1411,brownmi02,2005,CLE,NBA,50,32
1412,carliri01,2005,IND,NBA,41,41
1413,caseydw01,2005,MIN,NBA,33,49
1414,cheekma01,2005,PHI,NBA,38,44
1415,dantomi01,2005,PHO,NBA,54,28
1416,dunlemi01,2005,LAC,NBA,47,35
1417,frankla01,2005,NJN,NBA,49,33
1418,fratemi01,2005,MEM,NBA,49,33
1419,hillbo01,2005,SEA,NBA,22,30
1420,hillbr01,2005,ORL,NBA,36,46
1421,jacksph01,2005,LAL,NBA,45,37
1422,johnsav01,2005,DAL,NBA,60,22
1423,jordaed01,2005,WAS,NBA,42,40
1424,karlge01,2005,DEN,NBA,44,38
1425,mcmilna01,2005,POR,NBA,21,61
1426,mitchsa01,2005,TOR,NBA,27,55
1427,montgmi01,2005,GSW,NBA,34,48
1428,popovgr01,2005,SAS,NBA,63,19
1429,rileypa01,2005,MIA,NBA,41,20
1430,riverdo01,2005,BOS,NBA,33,49
1431,saundfl01,2005,DET,NBA,64,18
1432,scottby01,2005,NOK,NBA,38,44
1433,skilesc01,2005,CHI,NBA,41,41
1434,sloanje01,2005,UTA,NBA,41,41
1435,stottte01,2005,MIL,NBA,40,42
1436,vanguje01,2005,HOU,NBA,34,48
1437,vangust01,2005,MIA,NBA,11,10
1438,weissbo01,2005,SEA,NBA,13,17
1439,woodsmi01,2005,ATL,NBA,26,56
1440,baronto01,2006,MEM,NBA,16,36
1441,bickebe01,2006,CHA,NBA,33,49
1442,brownmi02,2006,CLE,NBA,50,32
1443,carliri01,2006,IND,NBA,35,47
1444,caseydw01,2006,MIN,NBA,20,20
1445,cheekma01,2006,PHI,NBA,35,47
1446,dantomi01,2006,PHO,NBA,61,21
1447,dunlemi01,2006,LAC,NBA,40,42
1448,frankla01,2006,NJN,NBA,41,41
1449,fratemi01,2006,MEM,NBA,6,24
1450,hillbo01,2006,SEA,NBA,31,51
1451,hillbr01,2006,ORL,NBA,40,42
1452,jacksph01,2006,LAL,NBA,42,40
1453,johnsav01,2006,DAL,NBA,67,15
1454,jordaed01,2006,WAS,NBA,41,41
1455,karlge01,2006,DEN,NBA,45,37
1456,krystla01,2006,MIL,NBA,5,13
1457,mcmilna01,2006,POR,NBA,32,50
1458,mitchsa01,2006,TOR,NBA,47,35
1459,musseer01,2006,SAC,NBA,33,49
1460,nelsodo01,2006,GSW,NBA,42,40
1461,popovgr01,2006,SAS,NBA,58,24
1462,rileypa01,2006,MIA,NBA,44,38
1463,riverdo01,2006,BOS,NBA,24,58
1464,saundfl01,2006,DET,NBA,53,29
1465,scottby01,2006,NOK,NBA,39,43
1466,skilesc01,2006,CHI,NBA,49,33
1467,sloanje01,2006,UTA,NBA,51,31
1468,stottte01,2006,MIL,NBA,23,41
1469,thomais01,2006,NYK,NBA,33,49
1470,vanguje01,2006,HOU,NBA,52,30
1471,wittmra01,2006,MIN,NBA,12,30
1472,woodsmi01,2006,ATL,NBA,30,52
1473,adelmri01,2007,HOU,NBA,55,27
1474,boylaji01,2007,CHI,NBA,24,32
1475,brownmi02,2007,CLE,NBA,45,37
1476,carlepj01,2007,SEA,NBA,20,62
1477,cheekma01,2007,PHI,NBA,40,42
1478,dantomi01,2007,PHO,NBA,55,27
1479,dunlemi01,2007,LAC,NBA,23,59
1480,frankla01,2007,NJN,NBA,34,48
1481,iavarma01,2007,MEM,NBA,22,60
1482,jacksph01,2007,LAL,NBA,57,25
1483,johnsav01,2007,DAL,NBA,51,31
1484,jordaed01,2007,WAS,NBA,43,39
1485,karlge01,2007,DEN,NBA,50,32
1486,krystla01,2007,MIL,NBA,26,56
1487,mcmilna01,2007,POR,NBA,41,41
1488,mitchsa01,2007,TOR,NBA,41,41
1489,myerspe01,2007,CHI,NBA,0,1
1490,nelsodo01,2007,GSW,NBA,48,34
1491,obrieji03,2007,IND,NBA,36,46
1492,popovgr01,2007,SAS,NBA,56,26
1493,rileypa01,2007,MIA,NBA,15,67
1494,riverdo01,2007,BOS,NBA,66,16
1495,saundfl01,2007,DET,NBA,59,23
1496,scottby01,2007,NOH,NBA,56,26
1497,skilesc01,2007,CHI,NBA,9,16
1498,sloanje01,2007,UTA,NBA,54,28
1499,theusre01,2007,SAC,NBA,38,44
1500,thomais01,2007,NYK,NBA,23,59
1501,vangust01,2007,ORL,NBA,52,30
1502,vincesa01,2007,CHR,NBA,32,50
1503,wittmra01,2007,MIN,NBA,22,60
1504,woodsmi01,2007,ATL,NBA,37,45
1505,adelmri01,2008,HOU,NBA,53,29
1506,brooksc01,2008,OKC,NBA,22,46
1507,brownla01,2008,CHR,NBA,35,47
1508,brownmi02,2008,CLE,NBA,66,16
1509,carlepj01,2008,OKC,NBA,1,13
1510,carliri01,2008,DAL,NBA,50,32
1511,cheekma01,2008,PHI,NBA,9,14
1512,currymi01,2008,DET,NBA,39,43
1513,dantomi01,2008,NYK,NBA,32,50
1514,davisjo01,2008,MEM,NBA,0,2
1515,delnevi01,2008,CHI,NBA,41,41
1516,dileoto01,2008,PHI,NBA,32,27
1517,dunlemi01,2008,LAC,NBA,19,63
1518,frankla01,2008,NJN,NBA,34,48
1519,gentral01,2008,PHO,NBA,18,13
1520,hollili01,2008,MEM,NBA,13,26
1521,iavarma01,2008,MEM,NBA,11,30
1522,jacksph01,2008,LAL,NBA,65,17
1523,jordaed01,2008,WAS,NBA,1,10
1524,karlge01,2008,DEN,NBA,54,28
1525,mchalke01,2008,MIN,NBA,20,43
1526,mcmilna01,2008,POR,NBA,54,28
1527,mitchsa01,2008,TOR,NBA,8,9
1528,nattke01,2008,SAC,NBA,11,47
1529,nelsodo01,2008,GSW,NBA,29,53
1530,obrieji03,2008,IND,NBA,36,46
1531,popovgr01,2008,SAS,NBA,54,28
1532,portete01,2008,PHO,NBA,23,18
1533,riverdo01,2008,BOS,NBA,62,20
1534,scottby01,2008,NOH,NBA,49,33
1535,skilesc01,2008,MIL,NBA,34,48
1536,sloanje01,2008,UTA,NBA,48,34
1537,spoeler01,2008,MIA,NBA,43,39
1538,tapsced01,2008,WAS,NBA,18,53
1539,theusre01,2008,SAC,NBA,6,18
1540,trianja01,2008,TOR,NBA,25,40
1541,vangust01,2008,ORL,NBA,59,23
1542,wittmra01,2008,MIN,NBA,4,15
1543,woodsmi01,2008,ATL,NBA,47,35
1544,adelmri01,2009,HOU,NBA,42,40
1545,barrito01,2009,NJN,NBA,0,2
1546,bowerje01,2009,NOH,NBA,34,39
1547,brooksc01,2009,OKC,NBA,50,32
1548,brownla01,2009,CHR,NBA,44,38
1549,brownmi02,2009,CLE,NBA,61,21
1550,carliri01,2009,DAL,NBA,55,27
1551,dantomi01,2009,NYK,NBA,29,53
1552,delnevi01,2009,CHI,NBA,41,41
1553,dunlemi01,2009,LAC,NBA,21,28
1554,frankla01,2009,NJN,NBA,0,16
1555,gentral01,2009,PHO,NBA,54,28
1556,hollili01,2009,MEM,NBA,40,42
1557,hugheki01,2009,LAC,NBA,8,25
1558,jacksph01,2009,LAL,NBA,57,25
1559,jordaed01,2009,PHI,NBA,27,55
1560,karlge01,2009,DEN,NBA,53,29
1561,kuestjo01,2009,DET,NBA,27,55
1562,mcmilna01,2009,POR,NBA,50,32
1563,nelsodo01,2009,GSW,NBA,26,56
1564,obrieji03,2009,IND,NBA,32,50
1565,popovgr01,2009,SAS,NBA,50,32
1566,rambiku01,2009,MIN,NBA,15,67
1567,riverdo01,2009,BOS,NBA,50,32
1568,saundfl01,2009,WAS,NBA,26,56
1569,scottby01,2009,NOH,NBA,3,6
1570,skilesc01,2009,MIL,NBA,46,36
1571,sloanje01,2009,UTA,NBA,53,29
1572,spoeler01,2009,MIA,NBA,47,35
1573,trianja01,2009,TOR,NBA,40,42
1574,vandeki01,2009,NJN,NBA,12,52
1575,vangust01,2009,ORL,NBA,59,23
1576,westppa01,2009,SAC,NBA,25,57
1577,woodsmi01,2009,ATL,NBA,53,29
1578,adelmri01,2010,HOU,NBA,43,39
1579,brooksc01,2010,OKC,NBA,55,27
1580,brownla01,2010,CHA,NBA,9,19
1581,carliri01,2010,DAL,NBA,57,25
1582,collido01,2010,PHI,NBA,41,41
1583,corbity01,2010,UTA,NBA,8,20
1584,dantomi01,2010,NYK,NBA,42,40
1585,delnevi01,2010,LAC,NBA,32,50
1586,drewla01,2010,ATL,NBA,44,38
1587,gentral01,2010,PHO,NBA,40,42
1588,hollili01,2010,MEM,NBA,46,36
1589,jacksph01,2010,LAL,NBA,57,25
1590,johnsav01,2010,NJN,NBA,24,58
1591,karlge01,2010,DEN,NBA,50,32
1592,kuestjo01,2010,DET,NBA,30,52
1593,mcmilna01,2010,POR,NBA,48,34
1594,obrieji03,2010,IND,NBA,17,27
1595,popovgr01,2010,SAS,NBA,61,21
1596,rambiku01,2010,MIN,NBA,17,65
1597,riverdo01,2010,BOS,NBA,56,26
1598,saundfl01,2010,WAS,NBA,23,59
1599,scottby01,2010,CLE,NBA,19,63
1600,silaspa01,2010,CHA,NBA,25,29
1601,skilesc01,2010,MIL,NBA,35,47
1602,sloanje01,2010,UTA,NBA,31,23
1603,smartke01,2010,GSW,NBA,36,46
1604,spoeler01,2010,MIA,NBA,58,24
1605,thiboto01,2010,CHI,NBA,62,20
1606,trianja01,2010,TOR,NBA,22,60
1607,vangust01,2010,ORL,NBA,52,30
1608,vogelfr01,2010,IND,NBA,20,18
1609,westppa01,2010,SAC,NBA,24,58
1610,willimo01,2010,NOH,NBA,46,36
1611,drewla01,2011,ATL,NBA,40,26
1612,riverdo01,2011,BOS,NBA,39,27
1613,silaspa01,2011,CHA,NBA,7,59
1614,thiboto01,2011,CHI,NBA,50,16
1615,scottby01,2011,CLE,NBA,21,45
1616,carliri01,2011,DAL,NBA,36,30
1617,karlge01,2011,DEN,NBA,38,28
1618,frankla01,2011,DET,NBA,25,41
1619,jacksma01 ,2011,GSW,NBA,23,43
1620,mchalke01,2011,HOU,NBA,34,32
1621,vogelfr01,2011,IND,NBA,42,24
1622,delnevi01,2011,LAC,NBA,40,26
1623,brownmi02,2011,LAL,NBA,41,25
1624,hollili01,2011,MEM,NBA,41,25
1625,spoeler01,2011,MIA,NBA,46,20
1626,skilesc01,2011,MIL,NBA,31,35
1627,adelmri01,2011,MIN,NBA,26,40
1628,johnsav01,2011,NJN,NBA,22,44
1629,willimo01,2011,NOH,NBA,21,45
1630,dantomi01,2011,NYK,NBA,18,24
1631,woodsmi01,2011,NYK,NBA,18,6
1632,brooksc01,2011,OKC,NBA,47,19
1633,vangust01,2011,ORL,NBA,37,29
1634,collido01,2011,PHI,NBA,35,31
1635,gentral01,2011,PHO,NBA,33,33
1636,mcmilna01,2011,POR,NBA,20,23
1637,canalka01,2011,POR,NBA,8,15
1638,westppa01,2011,SAC,NBA,2,5
1639,smartke01,2011,SAC,NBA,20,39
1640,popovgr01,2011,SAS,NBA,50,16
1641,caseydw01,2011,TOR,NBA,23,43
1642,corbity01,2011,UTA,NBA,36,30
1643,saundfl01,2011,WAS,NBA,2,15
1644,wittmra01,2011,WAS,NBA,18,31
1645,johnsne01,1962,PGR,ABL1,12,10
1646,phillan01,1961,CHM,ABL1,39,44
1647,sobiero01,1962,CHM,ABL1,8,20
1648,sharmbi01,1961,LAJ,ABL1,24,15
1649,mclenjo01,1961,CLP,ABL1,26,25
1650,sharmbi01,1961,CLP,ABL1,19,11
1651,rochare01,1961,HAW,ABL1,29,53
1652,brighal01,1962,LBC,ABL1,16,8
1653,mcmahja01,1961,KCS,ABL1,54,25
1654,deejo01,1962,KCS,ABL1,22,9
1655,stutzst01,1961,WNY,ABL1,31,50
1656,perrima01,1962,PHT,ABL1,10,18
1657,robiner01,1962,OAO,ABL1,11,14
1658,woolpph01,1961,SFS,ABL1,6,9
1659,osheake01,1961,SFS,ABL1,,
1660,brighal01,1961,SFS,ABL1,,
1661,gunthco01,1947,ATC,PBLA,7,1
1662,lewisfr01,1947,BIR,PBLA,5,2
1663,dehnehe01,1947,CHT,PBLA,3,3
1664,mcderbo01,1947,CHG,PBLA,8,0
1665,szukast01,1947,GRR,PBLA,3,3
1666,clossbi01,1947,HMV,PBLA,2,0
1667,hyattch01,1947,KCB,PBLA,1,5
1668,vaughvi01,1947,LOU,PBLA,2,4
1669,pailehe01,1947,NOL,PBLA,3,5
1670,rosegl01,1947,OKD,PBLA,2,3
1671,shephle01,1947,OMA,PBLA,2,4
1672,hutchha01,1947,STJ,PBLA,1,6
1673,halebr01,1947,STP,PBLA,6,3
1674,davisdo01,1947,SPR,PBLA,1,7
1675,gibbsji01,1947,TUL,PBLA,7,3
1676,roossw01,1947,WAT,PBLA,1,5
1677,gatesfr01,1950,AND,NPBL,,
1678,klierle01,1950,AND,NPBL,,
1679,dardeji01,1950,DNN,NPBL,18,16
1680,lathage02,1950,EVA,NPBL,0,6
1681,koliswa01,1950,LOA,NPBL,18,17
1682,mcderbo01,1950,GRH,NPBL,,
1683,glammge01,1950,GRH,NPBL,,
1684,towerbl01,1950,GRH,NPBL,,
1685,cloydpa01,1950,KCH,NPBL,,
1686,eurasge01,1950,KCH,NPBL,,
1687,schulho01,1950,SPL,NPBL,12,8
1688,sueseke01,1950,SHE,NPBL,29,16
1689,smileja01,1950,WAT,NPBL,32,24
